0.0,0.00041430191857680945
0.00025,0.0003420621933970625
0.0005,0.00024266452743355602
0.00075,0.0001343697345886979
0.001,3.5971103431063287e-05
0.00125,-4.312547712498629e-05
0.0015,-9.744561724604085e-05
0.00175,-0.00012631100618521195
0.002,-0.00013291274476277695
0.00225,-0.00012269004980628248
0.0025,-0.00010273107946604224
0.00275,-7.964805516354361e-05
0.003,-5.855349587026983e-05
0.00325,-4.1753396041008756e-05
0.0035,-3.0014285603279614e-05
0.00375,-2.2281980737327506e-05
0.004,-1.705977847599879e-05
0.00425,-1.3384871755623705e-05
0.0045,-1.0460124047908311e-05
0.00475,-7.637941459782968e-06
0.005,-4.550668847464337e-06
0.00525,-9.744492332931159e-07
0.0055,3.1467642311850136e-06
0.00575,7.667750818832152e-06
0.006,1.2634873772189556e-05
0.00625,1.8118949637627247e-05
0.0065,2.4103769731788602e-05
0.00675,3.060459920289812e-05
0.007,3.7607062584143916e-05
0.00725,4.504431743659485e-05
0.0075,5.287051845867023e-05
0.00775,6.148382271205295e-05
0.008,7.008107199119055e-05
0.00825,7.869183970654306e-05
0.0085,8.768969289100403e-05
0.00875,9.708002740593843e-05
0.009,0.00010606252444067549
0.00925,0.00011466887059479783
0.0095,0.00012326774067271994
0.00975,0.000131473575706824
0.01,0.00013888879389998022
0.01025,0.0001455272826281522
0.0105,0.00015137960733941407
0.01075,0.00015644855929187408
0.011,0.0001603406980286577
0.01125,0.00016345311764341295
0.0115,0.0001649883248662736
0.01175,0.0001657626100885034
0.012,0.00016493436911010494
0.01225,0.00016258040808250326
0.0125,0.0001594185909603958
0.01275,0.00015471132475656827
0.013,0.00014961265080716662
0.01325,0.00014333063460631888
0.0135,0.00013628231388597642
0.01375,0.0001288403165617091
0.014,0.00012060941036229255
0.01425,0.00011200702457661151
0.0145,0.00010339768433778735
0.01475,9.439200867643374e-05
0.015,8.500401385135821e-05
0.01525,7.602255453145198e-05
0.0155,6.701583155094382e-05
0.01575,5.803931607750681e-05
0.016,4.983538720413345e-05
0.01625,4.162141223598426e-05
0.0165,3.3657013455897813e-05
0.01675,2.6402289096388276e-05
0.017,1.9727500459846232e-05
0.01725,1.3685769276142887e-05
0.0175,8.26337073738166e-06
0.01775,3.4444771909172154e-06
0.018,-8.505355390054946e-07
0.01825,-4.633836874582234e-06
0.0185,-7.908449532198759e-06
0.01875,-1.074815575219265e-05
0.019,-1.3163317552591767e-05
0.01925,-1.5183285770947491e-05
0.0195,-1.685703205693976e-05
0.01975,-1.8174026140978765e-05
0.02,-1.922463025484286e-05
0.02025,-1.9954459530953148e-05
0.0205,-2.0461142641537782e-05
0.02075,-2.0762176719023938e-05
0.021,-2.0838975627966137e-05
0.02125,-2.0791206437208227e-05
0.0215,-2.0554607948220923e-05
0.02175,-2.0236923028438076e-05
0.022,-1.9845882810742563e-05
0.02225,-1.937076373293909e-05
0.0225,-1.8824326495041094e-05
0.02275,-1.8232938762940462e-05
0.023,-1.756785599467503e-05
0.02325,-1.6819037999248926e-05
0.0235,-1.5955286978599818e-05
0.02375,-1.4889624664951778e-05
0.024,-1.3674062578852366e-05
0.02425,-1.22128643658211e-05
0.0245,-1.0442991603138511e-05
0.02475,-8.27301201233095e-06
0.025,-5.7182859895907875e-06
0.02525,-2.6369257629871637e-06
0.0255,1.0319544577937951e-06
0.02575,5.391892275038214e-06
0.026,1.0544430450180734e-05
0.02625,1.656761676664575e-05
0.0265,2.3357567194623873e-05
0.02675,3.086224557846766e-05
0.027,3.9015415314016744e-05
0.02725,4.7683498073353256e-05
0.0275,5.6680117273262586e-05
0.02775,6.567303386273612e-05
0.028,7.42461258437666e-05
0.02825,8.246004445279892e-05
0.0285,9.022634919852047e-05
0.02875,9.642249752573028e-05
0.029,0.00010144237677481882
0.02925,0.00010446906548250431
0.0295,0.00010556806647443125
0.02975,0.00010509928244983859
0.03,0.00010265030090105394
0.03025,9.827982144465996e-05
0.0305,9.274637928880373e-05
0.03075,8.562587927004908e-05
0.031,7.738864974094712e-05
0.03125,6.875485777321609e-05
0.0315,5.934011498050783e-05
0.03175,4.997748191936422e-05
0.032,4.099501499326609e-05
0.03225,3.242299960921242e-05
0.0325,2.4603894055761755e-05
0.03275,1.773407884449877e-05
0.033,1.1793730291003848e-05
0.03325,6.7139460237346384e-06
0.0335,2.2050663013951543e-06
0.03375,-2.1738955043275877e-06
0.034,-7.004035325214024e-06
0.03425,-1.2946321287591368e-05
0.0345,-2.0905025306298175e-05
0.03475,-3.174708792770431e-05
0.035,-4.53552562501726e-05
0.03525,-5.98109382132863e-05
0.0355,-7.25127243919207e-05
0.03575,-7.822841650797696e-05
0.036,-7.240218390490414e-05
0.03625,-4.9738171166168774e-05
0.0365,-4.265803413796133e-06
0.03675,6.521035555853488e-05
0.037,0.0001549047705406557
0.03725,0.0002549236824472672
0.0375,0.000350682215823615
0.03775,0.0004215308374778969
0.038,0.0004540834544687725
0.03825,0.0004352009775477782
0.0385,0.00036829024917218935
0.03875,0.0002715722577152332
0.039,0.0001634993381975672
0.03925,6.182335128724497e-05
0.0395,-2.1463944032577507e-05
0.03975,-8.032393823478694e-05
0.04,-0.00011351399328323696
0.04025,-0.00012276937158117417
0.0405,-0.0001156973402998739
0.04075,-9.883219970594521e-05
0.041,-7.797606093354369e-05
0.04125,-5.652188686109578e-05
0.0415,-3.804430289289304e-05
0.04175,-2.4652818012709975e-05
0.042,-1.596085294640157e-05
0.04225,-1.0240072362278286e-05
0.0425,-6.349210051556462e-06
0.04275,-3.307644044208605e-06
0.043,-4.6460483532126677e-07
0.04325,2.664510823833991e-06
0.0435,6.23437675252381e-06
0.04375,1.0216165656591814e-05
0.044,1.4537022678972195e-05
0.04425,1.935343062009886e-05
0.0445,2.4656610813293807e-05
0.04475,3.049469865547451e-05
0.045,3.680423399579173e-05
0.04525,4.350609087690637e-05
0.0455,5.097320178196117e-05
0.04575,5.8828653625280595e-05
0.046,6.70447711951547e-05
0.04625,7.528625820632027e-05
0.0465,8.433016545029745e-05
0.04675,9.329188699416144e-05
0.047,0.00010232861183052713
0.04725,0.00011170515121189507
0.0475,0.00012066814900980434
0.04775,0.0001292400998880052
0.048,0.00013743195946694606
0.04825,0.0001452007204395761
0.0485,0.00015219813374790816
0.04875,0.00015879816042038635
0.049,0.00016416801776859285
0.04925,0.0001688415785222257
0.0495,0.00017262701905399236
0.04975,0.00017489794363882976
0.05,0.00017637286647534915
0.05025,0.00017625067320640065
0.0505,0.00017499793461041985
0.05075,0.0001725628325044951
0.051,0.00016937974856249768
0.05125,0.00016495055138993116
0.0515,0.0001594352538940115
0.05175,0.00015352127109062878
0.052,0.00014680338013091642
0.05225,0.00013932224006474244
0.0525,0.00013148129331309584
0.05275,0.00012322422131301683
0.053,0.00011459976422340777
0.05325,0.00010556819701344904
0.0535,9.660832367330545e-05
0.05375,8.75673040433965e-05
0.054,7.86570094358424e-05
0.05425,7.042328429300571e-05
0.0545,6.186311090229246e-05
0.05475,5.450302452447536e-05
0.055,4.706765253237664e-05
0.05525,4.051809129347307e-05
0.0555,3.434019787908855e-05
0.05575,2.8749871049644992e-05
0.056,2.3642202082590887e-05
0.05625,1.9057587762329727e-05
0.0565,1.4973399469812373e-05
0.05675,1.1356349458307097e-05
0.057,8.21391650576196e-06
0.05725,5.485786083640287e-06
0.0575,3.1602992941780567e-06
0.05775,1.2236912891818543e-06
0.058,-4.091340786692704e-07
0.05825,-1.7311657262648719e-06
0.0585,-2.833370459051898e-06
0.05875,-3.715824071214476e-06
0.059,-4.444433369529719e-06
0.05925,-5.003821085626677e-06
0.0595,-5.3910367953800115e-06
0.05975,-5.690467966600582e-06
0.06,-5.923193736744195e-06
0.06025,-6.023083356943279e-06
0.0605,-6.1105895447457445e-06
0.06075,-6.1297479605369954e-06
0.061,-6.054518192644273e-06
0.06125,-5.9210735580559245e-06
0.0615,-5.684780526261863e-06
0.06175,-5.353751722243107e-06
0.062,-4.875546140187512e-06
0.06225,-4.22507151230896e-06
0.0625,-3.355010117397159e-06
0.06275,-2.2386081244949627e-06
0.063,-8.694575914185921e-07
0.06325,9.081179097967769e-07
0.0635,3.203000630639357e-06
0.06375,6.15417942884609e-06
0.064,9.817478043883607e-06
0.06425,1.424533702485607e-05
0.0645,1.948268120378635e-05
0.06475,2.5560125305286173e-05
0.065,3.242669737216404e-05
0.06525,3.9890041573589656e-05
0.0655,4.819154283602874e-05
0.06575,5.7250054036352096e-05
0.066,6.66460906079646e-05
0.06625,7.603330560512203e-05
0.0665,8.539356790456853e-05
0.06675,9.385878155211095e-05
0.067,0.00010121130691778716
0.06725,0.00010772994193826812
0.0675,0.00011264462373145884
0.06775,0.0001159748627495034
0.068,0.00011734953466475327
0.06825,0.00011716994076874988
0.0685,0.0001150139430474826
0.06875,0.00011132136067997966
0.069,0.00010564558339700128
0.06925,9.891751311727754e-05
0.0695,9.0938395460372e-05
0.06975,8.233893859392648e-05
0.07,7.371529783941441e-05
0.07025,6.513293669786192e-05
0.0705,5.6517642250664016e-05
0.07075,4.8411251647450085e-05
0.071,4.1029523734872606e-05
0.07125,3.428108118947389e-05
0.0715,2.824386202933226e-05
0.07175,2.3041613302017243e-05
0.072,1.8598553790750078e-05
0.07225,1.4556682282482625e-05
0.0725,9.926201008577372e-06
0.07275,4.071772080684678e-06
0.073,-3.7497363052723424e-06
0.07325,-1.3857592850172116e-05
0.0735,-2.6796291399043532e-05
0.07375,-4.202052276413238e-05
0.074,-5.568694880147689e-05
0.07425,-6.23915969005039e-05
0.0745,-5.7339971183677425e-05
0.07475,-3.645603676282968e-05
0.075,4.158813706836014e-06
0.07525,6.787309492790231e-05
0.0755,0.00015551250903529618
0.07575,0.00025456478578429883
0.076,0.00034953330671004247
0.07625,0.00042592123246830595
0.0765,0.00046788247411202105
0.07675,0.0004617132796144454
0.077,0.0004052627023018942
0.07725,0.00031350452808512775
0.0775,0.00020880819527139185
0.07775,0.00010565698285300548
0.078,1.6664306014666388e-05
0.07825,-4.973138237256258e-05
0.0785,-8.998225794574448e-05
0.07875,-0.0001069256835088702
0.079,-0.00010531975154141722
0.07925,-9.068485341158671e-05
0.0795,-6.81567215181282e-05
0.07975,-4.498212166546145e-05
0.08,-2.5716223809736127e-05
0.08025,-1.1124360927338917e-05
0.0805,-7.516308730426777e-07
0.08075,6.0460435389106015e-06
0.081,1.0397531058603058e-05
0.08125,1.3689630518743211e-05
0.0815,1.6814985647768487e-05
0.08175,1.9910728660637607e-05
0.082,2.328144670836924e-05
0.08225,2.6961229183481615e-05
0.0825,3.1138504056664374e-05
0.08275,3.577179017956072e-05
0.083,4.096739224823932e-05
0.08325,4.64654794621782e-05
0.0835,5.242986425106007e-05
0.08375,5.915578800117879e-05
0.084,6.623278819371086e-05
0.08425,7.37270827480588e-05
0.0845,8.158554082081295e-05
0.08475,8.987253595295335e-05
0.085,9.847815969742411e-05
0.08525,0.00010711925183037997
0.0855,0.00011614135096070922
0.08575,0.00012513482244697624
0.086,0.00013409643565478996
0.08625,0.00014267387998479562
0.0865,0.00015124314283491538
0.08675,0.00015893511492624554
0.087,0.0001663763971992792
0.08725,0.00017326590644719004
0.0875,0.00017898092202701634
0.08775,0.00018351444983997158
0.088,0.00018737295768210562
0.08825,0.0001902888062823088
0.0885,0.0001917041853853483
0.08875,0.0001923669123154928
0.089,0.0001917911737965386
0.08925,0.0001900779738590012
0.0895,0.00018716399433817976
0.08975,0.00018310245872656537
0.09,0.0001778316339411471
0.09025,0.00017147425601285606
0.0905,0.00016477571033291551
0.09075,0.00015717839836732874
0.091,0.0001489601068556331
0.09125,0.00014067840401670424
0.0915,0.0001316021197596848
0.09175,0.0001226564410465374
0.092,0.00011361930899848114
0.09225,0.0001046688568593122
0.0925,9.561616245669865e-05
0.09275,8.673553470546963e-05
0.093,7.855828057709044e-05
0.09325,7.036953376912073e-05
0.0935,6.260543611239537e-05
0.09375,5.527164946711012e-05
0.094,4.8706969039516535e-05
0.09425,4.253397975835451e-05
0.0945,3.7255368834926334e-05
0.09475,3.227460559642404e-05
0.095,2.7843436702352415e-05
0.09525,2.386244257297901e-05
0.0955,2.0395612854479462e-05
0.09575,1.735126306385399e-05
0.096,1.4725978935180679e-05
0.09625,1.2463223310269145e-05
0.0965,1.061822422523227e-05
0.09675,9.085868687959533e-06
0.097,7.84827274400092e-06
0.09725,6.8595475643631166e-06
0.0975,6.119377424025551e-06
0.09775,5.5520766956915e-06
0.098,5.19736204281789e-06
0.09825,4.922412122336801e-06
0.0985,4.758076865469663e-06
0.09875,4.729015347294817e-06
0.099,4.78470098133659e-06
0.09925,4.910618570506985e-06
0.0995,5.115304087511536e-06
0.09975,5.312818750176116e-06
0.1,5.649861683238544e-06
0.10025,5.998642199147935e-06
0.1005,6.504060472146392e-06
0.10075,7.09370862777731e-06
0.101,7.886813884020314e-06
0.10125,8.884714157178122e-06
0.1015,1.0159212753722888e-05
0.10175,1.1770018919559398e-05
0.102,1.3808195008932175e-05
0.10225,1.6300167509615038e-05
0.1025,1.9383990738309853e-05
0.10275,2.3070617056710823e-05
0.103,2.751711457598522e-05
0.10325,3.275649222548933e-05
0.1035,3.890139836269646e-05
0.10375,4.569368020279173e-05
0.104,5.333798355761064e-05
0.10425,6.200870295438179e-05
0.1045,7.062259722821276e-05
0.10475,7.968306735723545e-05
0.105,8.863498878365319e-05
0.10525,9.765479406119508e-05
0.1055,0.000106058822520449
0.10575,0.00011336788071410656
0.106,0.0001197778422089077
0.10625,0.00012413201088443837
0.1065,0.00012705823090638284
0.10675,0.00012828574619658153
0.107,0.00012759222418970952
0.10725,0.00012488047616481595
0.1075,0.00012034468382656364
0.10775,0.00011465666884501047
0.108,0.00010733308620774465
0.10825,9.905532536143058e-05
0.1085,9.03141553177551e-05
0.10875,8.091032600056565e-05
0.109,7.197872165878698e-05
0.10925,6.30061119691103e-05
0.1095,5.497868272359905e-05
0.10975,4.711695827326431e-05
0.11,3.991750622412158e-05
0.11025,3.381614793732238e-05
0.1105,2.8299519743805717e-05
0.11075,2.3393181056419177e-05
0.111,1.9147862987382688e-05
0.11125,1.455640693340338e-05
0.1115,8.548363573871711e-06
0.11175,1.5586591080367867e-07
0.112,-1.0708728395590375e-05
0.11225,-2.3929602162078085e-05
0.1125,-3.866049381305235e-05
0.11275,-5.3115127449839984e-05
0.113,-6.0756200706084984e-05
0.11325,-5.6484572996539603e-05
0.1135,-3.599823682590391e-05
0.11375,4.3326561675268265e-06
0.114,6.628814578591249e-05
0.11425,0.0001513118830536942
0.1145,0.0002542163374131613
0.11475,0.0003512726368692734
0.115,0.000426096939706701
0.11525,0.0004697224329012
0.1155,0.0004645874228136358
0.11575,0.0004137599519811508
0.116,0.00032463711434116817
0.11625,0.0002180159917037448
0.1165,0.00011297860003843035
0.11675,2.3004379697004095e-05
0.117,-4.4089160867880436e-05
0.11725,-8.537370869396856e-05
0.1175,-0.00010175185055790053
0.11775,-9.782929122292414e-05
0.118,-8.214771735556662e-05
0.11825,-6.077213829512437e-05
0.1185,-3.9140748914868984e-05
0.11875,-2.011434265010295e-05
0.119,-5.98189646614693e-06
0.11925,3.470454513726158e-06
0.1195,9.371683236464772e-06
0.11975,1.3819991987753904e-05
0.12,1.7122603341496938e-05
0.12025,2.00630220170194e-05
0.1205,2.284288132020486e-05
0.12075,2.6015401588498005e-05
0.121,2.9491574359354737e-05
0.12125,3.3651088924869415e-05
0.1215,3.8207529537513335e-05
0.12175,4.323676783513611e-05
0.122,4.8771074804303815e-05
0.12225,5.473137811113178e-05
0.1225,6.10734894348788e-05
0.12275,6.829558841026231e-05
0.123,7.566395244096037e-05
0.12325,8.32416491711697e-05
0.1235,9.1512306939082e-05
0.12375,9.972780048324078e-05
0.124,0.00010847663713869132
0.12425,0.0001173996926023445
0.1245,0.00012604012457144605
0.12475,0.00013500171475742758
0.125,0.00014306925885548268
0.12525,0.00015135219011278058
0.1255,0.00015895112287635078
0.12575,0.00016590786859405142
0.126,0.00017194758688924406
0.12625,0.0001772977980600499
0.1265,0.00018129861611735314
0.12675,0.00018481535868751433
0.127,0.00018716084634991798
0.12725,0.0001882244152719152
0.1275,0.0001882850776586926
0.12775,0.0001869487327461304
0.128,0.00018472037754644537
0.12825,0.00018093042468095435
0.1285,0.00017602374686084382
0.12875,0.00017047091865809159
0.129,0.00016390195854317988
0.12925,0.0001564645416586569
0.1295,0.00014885553986674052
0.12975,0.00014013688813896863
0.13,0.0001315291460824112
0.13025,0.00012246892377013009
0.1305,0.00011345493858748435
0.13075,0.00010403282340393805
0.131,9.515900150706867e-05
0.13125,8.606521561103702e-05
0.1315,7.71968192857272e-05
0.13175,6.860359782965547e-05
0.132,6.059594125511123e-05
0.13225,5.318420107812906e-05
0.1325,4.584045672725784e-05
0.13275,3.9382880743966565e-05
0.133,3.354066969303704e-05
0.13325,2.8209474342140213e-05
0.1335,2.3343917956699524e-05
0.13375,1.9044839145253416e-05
0.134,1.5223468245627086e-05
0.13425,1.1834510672654461e-05
0.1345,8.874769804214758e-06
0.13475,6.336814453952565e-06
0.135,4.1400461608523565e-06
0.13525,2.311140444640426e-06
0.1355,7.718948247292213e-07
0.13575,-4.74480244815882e-07
0.136,-1.4826268978403935e-06
0.13625,-2.2631258358686156e-06
0.1365,-2.8692214322603875e-06
0.13675,-3.3161892639993424e-06
0.137,-3.660265043008144e-06
0.13725,-3.898917910904165e-06
0.1375,-4.05902971907526e-06
0.13775,-4.152504589163735e-06
0.138,-4.1373725705597895e-06
0.13825,-4.088027900355663e-06
0.1385,-3.952895166533973e-06
0.13875,-3.7689512053949255e-06
0.139,-3.4641421657803206e-06
0.13925,-3.0510025073520404e-06
0.1395,-2.466101024786867e-06
0.13975,-1.694518237953779e-06
0.14,-6.508676175953373e-07
0.14025,6.911353187720606e-07
0.1405,2.4372865294369903e-06
0.14075,4.626790492692618e-06
0.141,7.386061494151321e-06
0.14125,1.071864758044931e-05
0.1415,1.4892936000246676e-05
0.14175,2.0080569137666216e-05
0.142,2.639841610955164e-05
0.14225,3.3478347498683346e-05
0.1425,4.1304324684887974e-05
0.14275,4.9501489454013336e-05
0.143,5.781951562069539e-05
0.14325,6.637169440432143e-05
0.1435,7.456588899806081e-05
0.14375,8.267214143482953e-05
0.144,8.996012061004761e-05
0.14425,9.685299226964877e-05
0.1445,0.00010238461813257484
0.14475,0.00010686665158300247
0.145,0.00011004766751528853
0.14525,0.00011159937318510584
0.1455,0.00011113767226766413
0.14575,0.00010873472899279642
0.146,0.0001044324325940475
0.14625,9.859488177350631e-05
0.1465,9.129525168114081e-05
0.14675,8.33251138556061e-05
0.147,7.45712029661056e-05
0.14725,6.55052980075465e-05
0.1475,5.610163585957559e-05
0.14775,4.726294700378931e-05
0.148,3.870736695098463e-05
0.14825,3.081075365583616e-05
0.1485,2.3820074767566662e-05
0.14875,1.8166015487973614e-05
0.149,1.3066496094976348e-05
0.14925,8.256212813737488e-06
0.1495,2.9514010404354137e-06
0.14975,-3.053269380109165e-06
0.15,-1.0317286760204091e-05
0.15025,-1.8930563702856888e-05
0.1505,-2.9434176252954773e-05
0.15075,-4.1790408344049476e-05
0.151,-5.6390865189072804e-05
0.15125,-7.06421341507071e-05
0.1515,-7.825811868594332e-05
0.15175,-7.257832519827133e-05
0.152,-4.8945943752253145e-05
0.15225,-5.32580968234962e-06
0.1525,5.9593850357964135e-05
0.15275,0.00014489463678820486
0.153,0.00024621225049638475
0.15325,0.0003442937249605963
0.1535,0.00041732553186108156
0.15375,0.000454418724127284
0.154,0.0004415691410773272
0.15425,0.0003804332506227586
0.1545,0.0002868890868932996
0.15475,0.00017893575751623314
0.155,7.598757789288325e-05
0.15525,-9.584413224164059e-06
0.1555,-7.126346005474987e-05
0.15575,-0.00010661062743521484
0.156,-0.00011718271769031293
0.15625,-0.0001112062218860972
0.1565,-9.502427699248444e-05
0.15675,-7.419915181937428e-05
0.157,-5.370319205974129e-05
0.15725,-3.540146857749948e-05
0.1575,-2.2377898517512078e-05
0.15775,-1.3716218184988443e-05
0.158,-8.309216559950407e-06
0.15825,-4.574582178545823e-06
0.1585,-1.8814024065556898e-06
0.15875,7.469156079285738e-07
0.159,3.51766563093451e-06
0.15925,6.8808373487954256e-06
0.1595,1.0608765975976936e-05
0.15975,1.482300620504681e-05
0.16,1.9341803686373396e-05
0.16025,2.4560232504177476e-05
0.1605,3.0100317996488218e-05
0.16075,3.640843748047038e-05
0.161,4.306444672451436e-05
0.16125,4.9956209148335174e-05
0.1615,5.791530532169617e-05
0.16175,6.571471533595897e-05
0.162,7.411711169487177e-05
0.16225,8.269029373229148e-05
0.1625,9.138563996171094e-05
0.16275,0.0001004310753626889
0.163,0.00010935660180430291
0.16325,0.00011782746419280978
0.1635,0.0001260321953908109
0.16375,0.00013415005639726057
0.164,0.0001412993220861973
0.16425,0.0001478803815243869
0.1645,0.00015389514053263764
0.16475,0.00015869246238524347
0.165,0.00016287316166145653
0.16525,0.00016601475514938785
0.1655,0.00016762170640841106
0.16575,0.00016811202121531368
0.166,0.00016742934166587845
0.16625,0.00016547870669650754
0.1665,0.00016203427055917917
0.16675,0.00015800068684937053
0.167,0.0001529814348349756
0.16725,0.0001468861898471146
0.1675,0.0001400359131530648
0.16775,0.00013243937152571258
0.168,0.00012458122968627731
0.16825,0.00011612928001174541
0.1685,0.00010709193482446398
0.16875,9.803447434400436e-05
0.169,8.859497033923736e-05
0.16925,7.921138257716596e-05
0.1695,6.990705498178344e-05
0.16975,6.093362455823347e-05
0.17,5.206931292189225e-05
0.17025,4.398187975105537e-05
0.1705,3.5848826958246136e-05
0.17075,2.869707783699612e-05
0.171,2.1856800801090924e-05
0.17125,1.575847247547182e-05
0.1715,1.0029118686122462e-05
0.17175,4.963115979518931e-06
0.172,2.7895324195207954e-07
0.17225,-3.788671975503303e-06
0.1725,-7.496368703104137e-06
0.17275,-1.0651916930239258e-05
0.173,-1.3534409670416232e-05
0.17325,-1.586058740475354e-05
0.1735,-1.794625112262683e-05
0.17375,-1.9591293544433714e-05
0.174,-2.101864218632525e-05
0.17425,-2.211590366464701e-05
0.1745,-2.308781330648054e-05
0.17475,-2.376878708074088e-05
0.175,-2.442167882750238e-05
0.17525,-2.488488547789399e-05
0.1755,-2.5283384827663468e-05
0.17575,-2.548711833115878e-05
0.176,-2.5708651896363956e-05
0.17625,-2.5761115048415313e-05
0.1765,-2.5883080355066997e-05
0.17675,-2.5846545632035382e-05
0.177,-2.5786479489544075e-05
0.17725,-2.5569202709249616e-05
0.1775,-2.533610502062043e-05
0.17775,-2.4807405653251144e-05
0.178,-2.4220105575463335e-05
0.17825,-2.3265150218365563e-05
0.1785,-2.2081904829043476e-05
0.17875,-2.038843308009769e-05
0.179,-1.8345976394512132e-05
0.17925,-1.56247008075815e-05
0.1795,-1.232715017133405e-05
0.17975,-7.901964695861037e-06
0.18,-2.6201019474276937e-06
0.18025,3.6477831963835573e-06
0.1805,1.0500792649559614e-05
0.18075,1.8026401527859694e-05
0.181,2.589906978138512e-05
0.18125,3.4073990798649855e-05
0.1815,4.2173339267033044e-05
0.18175,5.0402334538932095e-05
0.182,5.800037451699944e-05
0.18225,6.544517529833296e-05
0.1825,7.21447240508029e-05
0.18275,7.771034712486788e-05
0.183,8.20431555911868e-05
0.18325,8.514256820695334e-05
0.1835,8.609125245934851e-05
0.18375,8.575383816396238e-05
0.184,8.295134413723489e-05
0.18425,7.828657923881306e-05
0.1845,7.179472322280838e-05
0.18475,6.430093737900085e-05
0.185,5.610801176158047e-05
0.18525,4.7038610490936225e-05
0.1855,3.8007577377021164e-05
0.18575,2.8887007263720315e-05
0.186,1.999987740058776e-05
0.18625,1.162936002528113e-05
0.1865,3.792949635179069e-06
0.18675,-3.1846702817701633e-06
0.187,-9.313216402255094e-06
0.18725,-1.4252019713847625e-05
0.1875,-1.9014239033191947e-05
0.18775,-2.3788633454747796e-05
0.188,-2.9627031307076607e-05
0.18825,-3.650436793466801e-05
0.1885,-4.557779751161533e-05
0.18875,-5.6564474838748185e-05
0.189,-7.077899775801696e-05
0.18925,-8.784228851434537e-05
0.1895,-0.00010140937407686599
0.18975,-0.00010457708766754359
0.19,-9.168117441137744e-05
0.19025,-5.998381160596273e-05
0.1905,-7.69803709454491e-06
0.19075,6.460711465896246e-05
0.191,0.00015498874175606616
0.19125,0.0002570260552984994
0.1915,0.0003484017071124974
0.19175,0.0004091103884307353
0.192,0.0004255890938543886
0.19225,0.00039151526299668427
0.1925,0.00031591683890340715
0.19275,0.00021314447946598947
0.193,0.00010633316197350983
0.19325,9.64553490530586e-06
0.1935,-6.605510805921157e-05
0.19375,-0.00011644085581736472
0.194,-0.00014109501891910447
0.19425,-0.000145845413637164
0.1945,-0.00013483875867412618
0.19475,-0.00011441901645387777
0.195,-9.102022164333371e-05
0.19525,-7.05737289311214e-05
0.1955,-5.5150413140114796e-05
0.19575,-4.3963096621605254e-05
0.196,-3.67246903451774e-05
0.19625,-3.2004757055135094e-05
0.1965,-2.8853535445197115e-05
0.19675,-2.5899292789613237e-05
0.197,-2.2926461332047254e-05
0.19725,-1.9739309254193626e-05
0.1975,-1.6241090999792577e-05
0.19775,-1.22845415069029e-05
0.198,-7.837729408073768e-06
0.19825,-2.8537356386485534e-06
0.1985,2.608797861562111e-06
0.19875,8.6063571707793e-06
0.199,1.5085673758289713e-05
0.19925,2.2090365930806503e-05
0.1995,2.94827864781038e-05
0.19975,3.738363929139849e-05
0.2,4.5628570658660616e-05
0.20025,5.434716420894459e-05
0.2005,6.284003907299534e-05
0.20075,7.162503814667917e-05
0.201,8.060576845866318e-05
0.20125,8.959597190010246e-05
0.2015,9.793130073296382e-05
0.20175,0.00010628397022590276
0.202,0.00011409978736809346
0.20225,0.00012108362695586832
0.2025,0.00012791038872413956
0.20275,0.00013332964575261372
0.203,0.00013774031768643393
0.20325,0.00014146830883833455
0.2035,0.0001441336734342332
0.20375,0.00014527962124340958
0.204,0.00014529517652502375
0.20425,0.00014417255327035545
0.2045,0.00014176590900129348
0.20475,0.00013845321049436632
0.205,0.00013402516681599623
0.20525,0.00012833439525931648
0.2055,0.00012221586393142164
0.20575,0.00011480236187269325
0.206,0.00010685397062107544
0.20625,9.854985135138863e-05
0.2065,8.966723771830799e-05
0.20675,8.030047845438306e-05
0.207,7.133362809491014e-05
0.20725,6.178283064553502e-05
0.2075,5.258288832695642e-05
0.20775,4.36420071531986e-05
0.208,3.503076921485058e-05
0.20825,2.6626375335895108e-05
0.2085,1.8752052586604002e-05
0.20875,1.1242592185041948e-05
0.209,4.343228736862227e-06
0.20925,-2.028095193745391e-06
0.2095,-7.74468679401872e-06
0.20975,-1.2954318924724386e-05
0.21,-1.7609210594701793e-05
0.21025,-2.1759375676955015e-05
0.2105,-2.5432653457494068e-05
0.21075,-2.86501081258228e-05
0.211,-3.1453556362885794e-05
0.21125,-3.3860177572460274e-05
0.2115,-3.590653424350453e-05
0.21175,-3.7630537644086475e-05
0.212,-3.908374860372567e-05
0.21225,-4.017375571045238e-05
0.2125,-4.0897231722374204e-05
0.21275,-4.171621824242762e-05
0.213,-4.241732707091599e-05
0.21325,-4.260965991261664e-05
0.2135,-4.270465243517913e-05
0.21375,-4.3083679241850666e-05
0.214,-4.294004777216748e-05
0.21425,-4.3073630762389855e-05
0.2145,-4.285147752401721e-05
0.21475,-4.2596002681066113e-05
0.215,-4.2536087792153085e-05
0.21525,-4.205765703816173e-05
0.2155,-4.172626035682892e-05
0.21575,-4.122879693088947e-05
0.216,-4.028169879163685e-05
0.21625,-3.909833683064027e-05
0.2165,-3.7895643650836e-05
0.21675,-3.614692075203573e-05
0.217,-3.40863939487269e-05
0.21725,-3.1446021356173296e-05
0.2175,-2.830440557256899e-05
0.21775,-2.4444464425375763e-05
0.218,-1.9908116405845676e-05
0.21825,-1.4447904958978497e-05
0.2185,-8.071655984239586e-06
0.21875,-7.031504519313566e-07
0.219,7.30206576994778e-06
0.21925,1.5883990379674087e-05
0.2195,2.4631564033771073e-05
0.21975,3.347971682903993e-05
0.22,4.195174224995462e-05
0.22025,5.005111730054197e-05
0.2205,5.7680262559288144e-05
0.22075,6.421708992130594e-05
0.221,6.931957247011574e-05
0.22125,7.359388439235743e-05
0.2215,7.545489755597862e-05
0.22175,7.576366993586378e-05
0.222,7.361116342427555e-05
0.22225,6.961696151582206e-05
0.2225,6.383700795715632e-05
0.22275,5.698688305786843e-05
0.223,4.904566943519001e-05
0.22325,4.0421600029746373e-05
0.2235,3.179960413521495e-05
0.22375,2.290097432192636e-05
0.224,1.4154212858420011e-05
0.22425,5.7562876713332695e-06
0.2245,-2.1809271652867375e-06
0.22475,-9.411133420762301e-06
0.225,-1.598469499354637e-05
0.22525,-2.155777712022114e-05
0.2255,-2.649920434794977e-05
0.22575,-3.083003873848994e-05
0.226,-3.563721593113295e-05
0.22625,-4.12629786050046e-05
0.2265,-4.919117958650737e-05
0.22675,-5.874917181276297e-05
0.227,-7.211611481403122e-05
0.22725,-8.736854918771141e-05
0.2275,-0.00010039593150216103
0.22775,-0.00010743474162454085
0.228,-0.00010405132885953579
0.22825,-8.4678818155124e-05
0.2285,-4.4319099528381014e-05
0.22875,2.004985009101195e-05
0.229,0.00010430904579258547
0.22925,0.0002013341474130822
0.2295,0.00029704228072321715
0.22975,0.0003776497209761641
0.23,0.000418576126851586
0.23025,0.0004032462216802823
0.2305,0.0003454116143829262
0.23075,0.0002553691034983054
0.231,0.00015047452889566882
0.23125,4.5323728553106976e-05
0.2315,-4.122160316672656e-05
0.23175,-0.00010329844275687859
0.232,-0.00014046017947990971
0.23225,-0.0001547661331707659
0.2325,-0.00014951472465600673
0.23275,-0.0001323719973656925
0.233,-0.00010953179661455429
0.23325,-8.789554351033849e-05
0.2335,-6.957248678580889e-05
0.23375,-5.570467774377616e-05
0.234,-4.6328791361312954e-05
0.23425,-4.10254679724873e-05
0.2345,-3.731949725138649e-05
0.23475,-3.424136615591995e-05
0.235,-3.1326770206395235e-05
0.23525,-2.8447351194641386e-05
0.2355,-2.515428508497355e-05
0.23575,-2.152770589096589e-05
0.236,-1.7286442469906726e-05
0.23625,-1.2686918418438597e-05
0.2365,-7.522430170016079e-06
0.23675,-1.960084283349606e-06
0.237,4.175621967818209e-06
0.23725,1.0737174415808636e-05
0.2375,1.7871508678688552e-05
0.23775,2.5339575368287288e-05
0.238,3.330577207369857e-05
0.23825,4.153126743600504e-05
0.2385,5.014208662338103e-05
0.23875,5.8699756516197426e-05
0.239,6.734868561267048e-05
0.23925,7.591018166459797e-05
0.2395,8.455681573406882e-05
0.23975,9.306558890981687e-05
0.24,0.00010098879342630015
0.24025,0.00010825528979548398
0.2405,0.000114947886752034
0.24075,0.0001205067573341613
0.241,0.00012579032903247162
0.24125,0.00012943387705502773
0.2415,0.00013241604757286313
0.24175,0.00013421550577015249
0.242,0.0001350976880679791
0.24225,0.00013437632295797649
0.2425,0.00013255382545100932
0.24275,0.0001297327972214062
0.243,0.0001258540652244906
0.24325,0.00012056546356756427
0.2435,0.00011462042329344296
0.24375,0.00010789443023099694
0.244,0.00010028749314656403
0.24425,9.21628453427121e-05
0.2445,8.349720971250694e-05
0.24475,7.47906193901182e-05
0.245,6.574922885447321e-05
0.24525,5.6650789916599885e-05
0.2455,4.727297530350258e-05
0.24575,3.849617229172033e-05
0.246,2.9765134745424962e-05
0.24625,2.1359456615128087e-05
0.2465,1.3280687454864402e-05
0.24675,5.764448137824807e-06
0.247,-1.262522955231219e-06
0.24725,-7.6395223602335e-06
0.2475,-1.3562119892538954e-05
0.24775,-1.8811041181093024e-05
0.248,-2.3627696511179938e-05
0.24825,-2.7826985003299433e-05
0.2485,-3.159592773218475e-05
0.24875,-3.4800728244891364e-05
0.249,-3.7664830607145445e-05
0.24925,-3.9856158088933524e-05
0.2495,-4.18605544382098e-05
0.24975,-4.3535666566608214e-05
0.25,-4.460909399596787e-05
0.25025,-4.57452559974995e-05
0.2505,-4.6286871543538826e-05
0.25075,-4.667512000371897e-05
0.251,-4.707502126883766e-05
0.25125,-4.736435496852808e-05
0.2515,-4.725187695434653e-05
0.25175,-4.736780020530859e-05
0.252,-4.7135966079995775e-05
0.25225,-4.6886439815489724e-05
0.2525,-4.6828186586760616e-05
0.25275,-4.632009705201883e-05
0.253,-4.601507415699287e-05
0.25325,-4.554187419157105e-05
0.2535,-4.524991146156265e-05
0.25375,-4.4653551134699084e-05
0.254,-4.3891337268091294e-05
0.25425,-4.296045557439064e-05
0.2545,-4.174948251546291e-05
0.25475,-4.051025603498987e-05
0.255,-3.865930614854796e-05
0.25525,-3.625230728240298e-05
0.2555,-3.344659946221594e-05
0.25575,-2.982862063187443e-05
0.256,-2.527483092804682e-05
0.25625,-1.9787840614963555e-05
0.2565,-1.3563089405609762e-05
0.25675,-6.572900761000889e-06
0.257,9.302358822420642e-07
0.25725,8.938609231187916e-06
0.2575,1.718000666063407e-05
0.25775,2.568414856894897e-05
0.258,3.402409749216761e-05
0.25825,4.228223131758045e-05
0.2585,4.9909137310866046e-05
0.25875,5.7336820682297356e-05
0.259,6.374244024469277e-05
0.25925,6.88552579667273e-05
0.2595,7.304354378080353e-05
0.25975,7.539029064033544e-05
0.26,7.573163985793733e-05
0.26025,7.423773194724579e-05
0.2605,7.046776219975115e-05
0.26075,6.481991011037066e-05
0.261,5.805812787007479e-05
0.26125,5.04138292146288e-05
0.2615,4.228949894010852e-05
0.26175,3.346131411369339e-05
0.262,2.4944005786516513e-05
0.26225,1.6452879315978078e-05
0.2625,8.480240379944208e-06
0.26275,9.73626927799936e-07
0.263,-5.853937271503569e-06
0.26325,-1.1940905807205641e-05
0.2635,-1.7208589301261077e-05
0.26375,-2.1674198921543926e-05
0.264,-2.5662731616067136e-05
0.26425,-3.0245275084886245e-05
0.2645,-3.623578895928964e-05
0.26475,-4.424778669275964e-05
0.265,-5.4615934443240117e-05
0.26525,-6.741103361820256e-05
0.2655,-8.2785459835671e-05
0.26575,-9.670110355368416e-05
0.266,-0.00010383634886174516
0.26625,-9.809163421808695e-05
0.2665,-7.576973378460289e-05
0.26675,-3.372086923348745e-05
0.267,3.034307427368116e-05
0.26725,0.00011864878159307624
0.2675,0.00022451674136979286
0.26775,0.000320884926175076
0.268,0.00039139204884674854
0.26825,0.0004213652918655622
0.2685,0.00040721220510204055
0.26875,0.0003496687520596858
0.269,0.00025586358808905304
0.26925,0.00014901668193473202
0.2695,4.5715369292449734e-05
0.26975,-4.123966914144521e-05
0.27,-0.00010453876301506969
0.27025,-0.00014110819372265256
0.2705,-0.0001529717613449792
0.27075,-0.00014688270593789967
0.271,-0.00012919833111853257
0.27125,-0.00010658001822590077
0.2715,-8.363489569189916e-05
0.27175,-6.508254620051498e-05
0.272,-5.155837670460494e-05
0.27225,-4.2999354882291555e-05
0.2725,-3.7218685096936716e-05
0.27275,-3.293113944809641e-05
0.273,-2.9529581946433016e-05
0.27325,-2.645932296860732e-05
0.2735,-2.3267765495918504e-05
0.27375,-1.974112333569919e-05
0.274,-1.5654211882860493e-05
0.27425,-1.1076671313233019e-05
0.2745,-6.039285880917566e-06
0.27475,-5.983427963467222e-07
0.275,5.430132962887302e-06
0.27525,1.19130523218755e-05
0.2755,1.8918872105445495e-05
0.27575,2.643956807791257e-05
0.276,3.432616693649549e-05
0.27625,4.272357723967079e-05
0.2765,5.143633094887139e-05
0.27675,6.008153641904231e-05
0.277,6.93741616752549e-05
0.27725,7.860283435186077e-05
0.2775,8.754106873858029e-05
0.27775,9.657763858251081e-05
0.278,0.00010545574697020749
0.27825,0.00011374187965479914
0.2785,0.00012131048688423527
0.27875,0.0001285717704290219
0.279,0.0001345756123146778
0.27925,0.00013994604737622206
0.2795,0.00014441124793679043
0.27975,0.00014747356436045414
0.28,0.0001498148468316109
0.28025,0.0001508005442106014
0.2805,0.0001507076465192418
0.28075,0.0001494233042498257
0.281,0.00014679154758159688
0.28125,0.00014281943048039458
0.2815,0.0001381247271928978
0.28175,0.00013212452914018494
0.282,0.00012580093191764225
0.28225,0.00011865494002009392
0.2825,0.00011049273529016283
0.28275,0.00010238931883841204
0.283,9.379442172226371e-05
0.28325,8.487525477362084e-05
0.2835,7.624797625595164e-05
0.28375,6.710216769713626e-05
0.284,5.8196387505197685e-05
0.28425,4.923984156280908e-05
0.2845,4.0892863689101365e-05
0.28475,3.265587540764365e-05
0.285,2.507832746150201e-05
0.28525,1.7891005674903214e-05
0.2855,1.1416320094598272e-05
0.28575,5.395123369520639e-06
0.286,8.664312090882052e-08
0.28625,-4.818351029945853e-06
0.2865,-9.066649041155377e-06
0.28675,-1.2940562830456e-05
0.287,-1.623123027749004e-05
0.28725,-1.917559735760538e-05
0.2875,-2.1604163443632575e-05
0.28775,-2.374715410424993e-05
0.288,-2.5411121229401454e-05
0.28825,-2.6824770439675137e-05
0.2885,-2.7826596689384528e-05
0.28875,-2.8708104905100052e-05
0.289,-2.9193286533922315e-05
0.28925,-2.9611600076439526e-05
0.2895,-2.973866009740186e-05
0.28975,-2.9820024569843585e-05
0.29,-2.9740876647119968e-05
0.29025,-2.967067174066589e-05
0.2905,-2.944654757741686e-05
0.29075,-2.9271480509283856e-05
0.291,-2.8906811119040383e-05
0.29125,-2.8584963466667053e-05
0.2915,-2.811859155259949e-05
0.29175,-2.7642725956799937e-05
0.292,-2.6961632620638185e-05
0.29225,-2.6219034420101142e-05
0.2925,-2.5201217725626236e-05
0.29275,-2.4071792186218334e-05
0.293,-2.251264004858213e-05
0.29325,-2.077583904474566e-05
0.2935,-1.8463804488370156e-05
0.29375,-1.5801312576039315e-05
0.294,-1.2465535419383055e-05
0.29425,-8.62706947442786e-06
0.2945,-3.895443053954679e-06
0.29475,1.5506243278634917e-06
0.295,8.003657870314005e-06
0.29525,1.510820616783209e-05
0.2955,2.3135877372577437e-05
0.29575,3.1469559026647516e-05
0.296,4.052849111387999e-05
0.29625,4.944941840010626e-05
0.2965,5.861628101888856e-05
0.29675,6.716680138705039e-05
0.297,7.531208238529006e-05
0.29725,8.244266122246629e-05
0.2975,8.81497895588601e-05
0.29775,9.242811601464382e-05
0.298,9.458402724483669e-05
0.29825,9.499922561780814e-05
0.2985,9.381228183265063e-05
0.29875,9.040248585960977e-05
0.299,8.559193020426035e-05
0.29925,7.93383575695022e-05
0.2995,7.18826346530191e-05
0.29975,6.366629017104551e-05
0.3,5.487877175263635e-05
0.30025,4.561416793239626e-05
0.3005,3.6492032360842286e-05
0.30075,2.810646883907444e-05
0.301,2.0103777491851777e-05
0.30125,1.3040727985714351e-05
0.3015,6.7858800110391136e-06
0.30175,1.4460640974760722e-06
0.302,-3.338004070405214e-06
0.30225,-7.703976836954916e-06
0.3025,-1.2151923079279e-05
0.30275,-1.7083094773794226e-05
0.303,-2.3404606741919553e-05
0.30325,-3.261421446395485e-05
0.3035,-4.4931885557404486e-05
0.30375,-5.945796387225025e-05
0.304,-7.375866539518682e-05
0.30425,-8.360232255328695e-05
0.3045,-8.484465576975451e-05
0.30475,-7.132929096506199e-05
0.305,-3.645366928341679e-05
0.30525,2.1106229425566267e-05
0.3055,0.00010057764893329025
0.30575,0.00019511070459190573
0.306,0.0002961955866988489
0.30625,0.00038479483001381174
0.3065,0.0004391871358752752
0.30675,0.0004466823969029979
0.307,0.00040339283304486045
0.30725,0.0003207183890083704
0.3075,0.00021603165961274612
0.30775,0.00010951616047371957
0.308,1.5891742374693685e-05
0.30825,-5.5497423487894547e-05
0.3085,-0.00010116420860066823
0.30875,-0.00012022981373263866
0.309,-0.0001192345278043499
0.30925,-0.00010643683834457099
0.3095,-8.714008819204996e-05
0.30975,-6.597238918028869e-05
0.31,-4.651223926486086e-05
0.31025,-3.111007360141887e-05
0.3105,-2.0148699831160183e-05
0.31075,-1.3081337847130154e-05
0.311,-8.177583947390188e-06
0.31125,-4.577301021091039e-06
0.3115,-1.538734623485127e-06
0.31175,1.3869731031277397e-06
0.312,4.644836657353256e-06
0.31225,8.393388764103086e-06
0.3125,1.2754053515300996e-05
0.31275,1.7581333727826837e-05
0.313,2.2831297260517178e-05
0.31325,2.8552431756263005e-05
0.3135,3.4768610983127545e-05
0.31375,4.160977136935642e-05
0.314,4.8988006647692595e-05
0.31425,5.6536409240798884e-05
0.3145,6.461424135750927e-05
0.31475,7.295121896653045e-05
0.315,8.183999764655784e-05
0.31525,9.078768233038681e-05
0.3155,0.00010000235505414304
0.31575,0.00010928043833326354
0.316,0.00011814442735610844
0.31625,0.00012728211350798228
0.3165,0.00013587741515571974
0.31675,0.00014388794191353056
0.317,0.00015136706128437662
0.31725,0.00015802441890180942
0.3175,0.00016373627631787905
0.31775,0.00016834730526780786
0.318,0.0001723226247948114
0.31825,0.00017531124989481067
0.3185,0.00017686589794692443
0.31875,0.0001771747836747777
0.319,0.00017658047285849256
0.31925,0.00017418495528991594
0.3195,0.0001712459381090078
0.31975,0.00016685402237625455
0.32,0.00016137164071846957
0.32025,0.0001550468485478486
0.3205,0.0001482423559286373
0.32075,0.00014079255054071479
0.321,0.00013276158667866595
0.32125,0.00012430812325296586
0.3215,0.00011571578255902947
0.32175,0.00010692982098456602
0.322,9.788292657911268e-05
0.32225,8.889444544529991e-05
0.3225,8.002724604275721e-05
0.32275,7.16825439590033e-05
0.323,6.348402574488428e-05
0.32325,5.536695356948314e-05
0.3235,4.797741560736585e-05
0.32375,4.113206828767658e-05
0.324,3.472196454513661e-05
0.32425,2.8980393421145295e-05
0.3245,2.3797254927184356e-05
0.32475,1.916525405910725e-05
0.325,1.4990069004310372e-05
0.32525,1.1332018623166964e-05
0.3255,8.123126485912795e-06
0.32575,5.3694442339233214e-06
0.326,2.9608936642761435e-06
0.32625,9.312537462999801e-07
0.3265,-7.56270658763569e-07
0.32675,-2.129739776191497e-06
0.327,-3.2243444342779973e-06
0.32725,-4.055334619058464e-06
0.3275,-4.679729601828443e-06
0.32775,-5.118000659902204e-06
0.328,-5.337833659481745e-06
0.32825,-5.518491627561999e-06
0.3285,-5.53918412690047e-06
0.32875,-5.4784590506063185e-06
0.329,-5.375488890931627e-06
0.32925,-5.235793590622124e-06
0.3295,-4.964655343327607e-06
0.32975,-4.637795475552612e-06
0.33,-4.230474695576154e-06
0.33025,-3.688598320335137e-06
0.3305,-2.9839732943161877e-06
0.33075,-2.1257780041018137e-06
0.331,-1.0110428781602517e-06
0.33125,3.446944869325253e-07
0.3315,2.068185786726065e-06
0.33175,4.139861080745153e-06
0.332,6.722207230782991e-06
0.33225,9.792983992691038e-06
0.3325,1.3508385710944104e-05
0.33275,1.790355274320872e-05
0.333,2.31782682724048e-05
0.33325,2.919502758754891e-05
0.3335,3.625963983630752e-05
0.33375,4.3880848159480244e-05
0.334,5.21001710969771e-05
0.33425,6.095484714860735e-05
0.3345,7.016568143505746e-05
0.33475,7.94760794347885e-05
0.335,8.81560686449115e-05
0.33525,9.670983569965241e-05
0.3355,0.00010414780362384427
0.33575,0.00011012311387950495
0.336,0.00011487879804435954
0.33625,0.00011789239551074376
0.3365,0.00011938895887056563
0.33675,0.00011839062147612503
0.337,0.00011580802701665908
0.33725,0.00011173111708708116
0.3375,0.00010571337406489883
0.33775,9.840873315284273e-05
0.338,9.028544733730308e-05
0.33825,8.17974402474857e-05
0.3385,7.234631860708072e-05
0.33875,6.342710312681232e-05
0.339,5.484350582917801e-05
0.33925,4.652638872967162e-05
0.3395,3.9251678297880585e-05
0.33975,3.2666247314482514e-05
0.34,2.6809573071638748e-05
0.34025,2.165092847562828e-05
0.3405,1.702096019084924e-05
0.34075,1.2796982317925198e-05
0.341,8.20677325306783e-06
0.34125,1.9671163528885873e-06
0.3415,-6.661750082709789e-06
0.34175,-1.7959975176733342e-05
0.342,-3.1613441042268384e-05
0.34225,-4.647291365472174e-05
0.3425,-5.8604969173019884e-05
0.34275,-6.252298487314152e-05
0.343,-5.3539715022743064e-05
0.34325,-2.7112925519823612e-05
0.3435,2.1402062910613855e-05
0.34375,9.383775414734267e-05
0.344,0.00018540314500817815
0.34425,0.0002833523071620412
0.3445,0.00037481632937915973
0.34475,0.0004432716563269502
0.345,0.00046823413648079123
0.34525,0.0004391792184483716
0.3455,0.0003679459690862054
0.34575,0.00027195918625588463
0.346,0.00016604577005208354
0.34625,6.590621770745114e-05
0.3465,-1.443859786588148e-05
0.34675,-6.898550640908318e-05
0.347,-9.894948991214598e-05
0.34725,-0.00010712756294952119
0.3475,-9.803448001049034e-05
0.34775,-7.84260133558518e-05
0.348,-5.546895267693085e-05
0.34825,-3.420286437103946e-05
0.3485,-1.7026050116963472e-05
0.34875,-4.498020663359123e-06
0.349,3.3647329617753856e-06
0.34925,8.350152644018547e-06
0.3495,1.2032002930831692e-05
0.34975,1.514012285798104e-05
0.35,1.804149601297288e-05
0.35025,2.1114949171531952e-05
0.3505,2.4606636725686622e-05
0.35075,2.8596459712257053e-05
0.351,3.297816800461046e-05
0.35125,3.787992750216792e-05
0.3515,4.322769654925528e-05
0.35175,4.9060505193087844e-05
0.352,5.5660991003136634e-05
0.35225,6.240770451994556e-05
0.3525,6.979397153570392e-05
0.35275,7.726217255766676e-05
0.353,8.570303724332983e-05
0.35325,9.402895636264197e-05
0.3535,0.00010261843343254546
0.35375,0.0001117375666166716
0.354,0.00012067172317972572
0.35425,0.00012970232487256032
0.3545,0.00013856891876834116
0.35475,0.0001466756195129709
0.355,0.00015447677525173018
0.35525,0.00016198183307187484
0.3555,0.00016852223667534195
0.35575,0.0001743801299700762
0.356,0.00017941675365974594
0.35625,0.00018352020145674213
0.3565,0.00018634569414154633
0.35675,0.00018806715274686956
0.357,0.00018856138679565167
0.35725,0.00018793915156092072
0.3575,0.0001859330806606857
0.35775,0.00018240052920970074
0.358,0.00017814770190450636
0.35825,0.00017269817154833418
0.3585,0.0001666561941744655
0.35875,0.00015972542868341268
0.359,0.00015219295438432723
0.35925,0.00014447610268387398
0.3595,0.0001358863582428053
0.35975,0.00012715908109291714
0.36,0.00011801798672632781
0.36025,0.00010914134912795207
0.3605,0.00010004312161185342
0.36075,9.113300523630778e-05
0.361,8.219377069423557e-05
0.36125,7.39936097334225e-05
0.3615,6.562705023046603e-05
0.36175,5.791156593760457e-05
0.362,5.0653971770414955e-05
0.36225,4.4092631871403356e-05
0.3625,3.801414372280541e-05
0.36275,3.243256700739658e-05
0.363,2.7556030994253454e-05
0.36325,2.3194438434621296e-05
0.3635,1.9309363593401946e-05
0.36375,1.593358548674986e-05
0.364,1.299051246048853e-05
0.36425,1.045969855145868e-05
0.3645,8.324575748573089e-06
0.36475,6.507623753119425e-06
0.365,5.022196042656401e-06
0.36525,3.87179348306303e-06
0.3655,2.952470364091047e-06
0.36575,2.2797849550145244e-06
0.366,1.7837570432939883e-06
0.36625,1.476572083731891e-06
0.3665,1.2863670399332768e-06
0.36675,1.2173497117484309e-06
0.367,1.212738802834467e-06
0.36725,1.3166515960870235e-06
0.3675,1.476297220774542e-06
0.36775,1.7179857161058352e-06
0.368,2.0103694085175158e-06
0.36825,2.3882964053418096e-06
0.3685,2.8431957424618093e-06
0.36875,3.4194654360528125e-06
0.369,4.137882041307702e-06
0.36925,5.033685145766628e-06
0.3695,6.158229885395286e-06
0.36975,7.5858246941158625e-06
0.37,9.369035791152036e-06
0.37025,1.1561523230048587e-05
0.3705,1.4271882065179462e-05
0.37075,1.7603407866342284e-05
0.371,2.160625604564539e-05
0.37125,2.6530245508890244e-05
0.3715,3.264267616006007e-05
0.37175,3.945799037327579e-05
0.372,4.7339815316552934e-05
0.37225,5.558523957509801e-05
0.3725,6.402320716367576e-05
0.37275,7.245813882214276e-05
0.373,8.079149157840619e-05
0.37325,8.922503357186682e-05
0.3735,9.6324000761651e-05
0.37375,0.00010337794536773156
0.374,0.0001090284091842631
0.37425,0.0001136727846877641
0.3745,0.00011715772693032678
0.37475,0.00011875153198240825
0.375,0.00011854233911113153
0.37525,0.00011678941586817386
0.3755,0.00011251655539569474
0.37575,0.00010673279182448439
0.376,9.95555267772195e-05
0.37625,9.11503321813082e-05
0.3765,8.232838316518651e-05
0.37675,7.30843718402601e-05
0.377,6.362149820093742e-05
0.37725,5.4468127536117336e-05
0.3775,4.567750079483471e-05
0.37775,3.742827938056742e-05
0.378,2.9947829811418977e-05
0.37825,2.394439153525579e-05
0.3785,1.9073687029561956e-05
0.37875,1.4377628567321248e-05
0.379,9.260148856763132e-06
0.37925,3.073639330989831e-06
0.3795,-4.4114951025888965e-06
0.37975,-1.3554653342188403e-05
0.38,-2.414970532864842e-05
0.38025,-3.652055474864081e-05
0.3805,-4.979309850281462e-05
0.38075,-6.433606943110398e-05
0.381,-7.592890882824192e-05
0.38125,-7.477372828377291e-05
0.3815,-5.433522646466892e-05
0.38175,-1.0582115470111503e-05
0.382,5.5493071592011364e-05
0.38225,0.0001408372535515996
0.3825,0.0002372741062464351
0.38275,0.0003359094330623357
0.383,0.0004153575503618529
0.38325,0.00045971808669935605
0.3835,0.0004575762159678466
0.38375,0.00040389177785283686
0.384,0.0003132644091038607
0.38425,0.00020639756301876253
0.3845,0.00010244605496859076
0.38475,1.290338514812121e-05
0.385,-5.381502570645419e-05
0.38525,-9.461074735196595e-05
0.3855,-0.000111412728364136
0.38575,-0.00010814309663896668
0.386,-9.199646605727507e-05
0.38625,-6.984622816164063e-05
0.3865,-4.714145159871145e-05
0.38675,-2.806848601420424e-05
0.387,-1.3545059814098922e-05
0.38725,-3.72508300363109e-06
0.3875,2.9340478736893172e-06
0.38775,7.390644826355674e-06
0.388,1.0670268218211172e-05
0.38825,1.3282627138413408e-05
0.3885,1.5911597583210028e-05
0.38875,1.876967876175169e-05
0.389,2.2314689053384582e-05
0.38925,2.630648625994673e-05
0.3895,3.0942391327250636e-05
0.38975,3.5788424125089856e-05
0.39,4.1212590509798216e-05
0.39025,4.688128438161543e-05
0.3905,5.325208367997545e-05
0.39075,6.01540323729272e-05
0.391,6.744754347113429e-05
0.39125,7.508038526264926e-05
0.3915,8.321346153162161e-05
0.39175,9.139130182961468e-05
0.392,9.984824724078051e-05
0.39225,0.00010849294478865746
0.3925,0.00011707779468718314
0.39275,0.00012570280393179223
0.393,0.0001341278740204332
0.39325,0.00014203363911701925
0.3935,0.00014971148543517255
0.39375,0.00015660894594456842
0.394,0.00016288983753387138
0.39425,0.00016791128798372392
0.3945,0.00017244670855006406
0.39475,0.00017581190178280474
0.395,0.0001779957213785034
0.39525,0.00017927462347619205
0.3955,0.00017954482639365334
0.39575,0.00017867727435579822
0.396,0.00017629310770018907
0.39625,0.00017267784056563125
0.3965,0.00016769199938077437
0.39675,0.00016228611922037474
0.397,0.00015577848129195112
0.39725,0.00014881220937760863
0.3975,0.0001406762345446471
0.39775,0.00013259815130940228
0.398,0.00012383054743454958
0.39825,0.00011481320023327782
0.3985,0.00010578581403065929
0.39875,9.68742912683099e-05
0.399,8.756785629000312e-05
0.39925,7.838560951178843e-05
0.3995,6.962712028043381e-05
0.39975,6.132196405844233e-05
0.4,5.307544376254707e-05
0.40025,4.5271521170748926e-05
0.4005,3.835204273927116e-05
0.40075,3.1902986606295244e-05
0.401,2.5991181901961998e-05
0.40125,2.0621356618431093e-05
0.4015,1.5808884468641547e-05
0.40175,1.1495409385875456e-05
0.402,7.659393917246067e-06
0.40225,4.324497810683789e-06
0.4025,1.380236013663093e-06
0.40275,-1.116378807738812e-06
0.403,-3.2923266576040686e-06
0.40325,-5.049884786630154e-06
0.4035,-6.553468489756614e-06
0.40375,-7.75757801743616e-06
0.404,-8.703752351067057e-06
0.40425,-9.408305058190128e-06
0.4045,-9.92961828529993e-06
0.40475,-1.0320301926822942e-05
0.405,-1.060055371786706e-05
0.40525,-1.0776974296977154e-05
0.4055,-1.0888627346002417e-05
0.40575,-1.0933839370247825e-05
0.406,-1.093363857794333e-05
0.40625,-1.0857859788829462e-05
0.4065,-1.074259623565443e-05
0.40675,-1.0549505216625459e-05
0.407,-1.0297944946714133e-05
0.40725,-9.92048551434112e-06
0.4075,-9.433119105372416e-06
0.40775,-8.722754335840295e-06
0.408,-7.844817845172215e-06
0.40825,-6.62279956400298e-06
0.4085,-5.135014845345962e-06
0.40875,-3.1176103841844617e-06
0.409,-6.748500797659478e-07
0.40925,2.434469305803486e-06
0.4095,6.146458388349433e-06
0.40975,1.0727747220083948e-05
0.41,1.6090809225144657e-05
0.41025,2.2358640987482413e-05
0.4105,2.9275675282499528e-05
0.41075,3.702346699513432e-05
0.411,4.5094324857402614e-05
0.41125,5.358479586181574e-05
0.4115,6.24275360206437e-05
0.41175,7.135607397929044e-05
0.412,7.93143780469164e-05
0.41225,8.703686686858593e-05
0.4125,9.345311457332151e-05
0.41275,9.858736533732571e-05
0.413,0.0001020926310849364
0.41325,0.00010352145970316567
0.4135,0.00010324145313312882
0.41375,0.00010152760084509315
0.414,9.78691172268516e-05
0.41425,9.25697265337016e-05
0.4145,8.560639344070056e-05
0.41475,7.765016192223355e-05
0.415,6.886826858061118e-05
0.41525,5.984696748561316e-05
0.4155,5.0629380557592775e-05
0.41575,4.127202353169245e-05
0.416,3.254787623954552e-05
0.41625,2.446476576842901e-05
0.4165,1.7253570428462792e-05
0.41675,1.088764990884856e-05
0.417,5.328022695388963e-06
0.41725,3.5665047111383823e-07
0.4175,-4.254694490013302e-06
0.41775,-8.989654091281655e-06
0.418,-1.4167110518602169e-05
0.41825,-2.090774072385153e-05
0.4185,-3.06912432142974e-05
0.41875,-4.3490319690831626e-05
0.419,-5.825038191440607e-05
0.41925,-7.240359956686997e-05
0.4195,-8.272465597414258e-05
0.41975,-8.379215292310235e-05
0.42,-6.93992991023762e-05
0.42025,-3.42146411895238e-05
0.4205,2.3297757925533984e-05
0.42075,0.00010206354421409875
0.421,0.00019667248783598607
0.42125,0.00029830175843896636
0.4215,0.00038444813863464154
0.42175,0.0004370416805644902
0.422,0.00044629617849156544
0.42225,0.0004052426531068284
0.4225,0.0003232316836321749
0.42275,0.00021890900054680494
0.423,0.00011219160746830741
0.42325,1.7101055972434605e-05
0.4235,-5.725956164373886e-05
0.42375,-0.00010585348290266498
0.424,-0.00012993466330079052
0.42425,-0.00013399440904606567
0.4245,-0.00012325072013382447
0.42475,-0.00010316913773506134
0.425,-8.004556326868535e-05
0.42525,-5.9460112173329575e-05
0.4255,-4.361614414814891e-05
0.42575,-3.262694607482507e-05
0.426,-2.5085733534764307e-05
0.42625,-2.0393377971435037e-05
0.4265,-1.7267022412308218e-05
0.42675,-1.457856942443147e-05
0.427,-1.1782056717424187e-05
0.42725,-8.915023476409824e-06
0.4275,-5.6325747820473986e-06
0.42775,-2.0224384946333663e-06
0.428,2.157948524068899e-06
0.42825,6.739981574433251e-06
0.4285,1.1916034585324543e-05
0.42875,1.7471192571516658e-05
0.429,2.3676878413020645e-05
0.42925,3.019527670513978e-05
0.4295,3.747361061784806e-05
0.42975,4.478643376256601e-05
0.43,5.2786637456287773e-05
0.43025,6.102671751067606e-05
0.4305,6.946798261867832e-05
0.43075,7.814083645060144e-05
0.431,8.670221013357838e-05
0.43125,9.53317467317737e-05
0.4315,0.00010393477542969159
0.43175,0.00011233273368464011
0.432,0.00012024820290579644
0.43225,0.00012764637274916165
0.4325,0.00013402865335622967
0.43275,0.00014013397807420655
0.433,0.0001451719474439225
0.43325,0.00014938494101710744
0.4335,0.00015224567266799405
0.43375,0.00015397794402718164
0.434,0.0001548573153390168
0.43425,0.00015436484705181846
0.4345,0.00015286583186130463
0.43475,0.00015003008922036528
0.435,0.00014620217358795584
0.43525,0.0001409518399389478
0.4355,0.00013528259134116315
0.43575,0.00012862089130388267
0.436,0.00012102765991951417
0.43625,0.00011262734543600917
0.4365,0.00010397202784069405
0.43675,9.519237695666135e-05
0.437,8.584103937503018e-05
0.43725,7.647919917168168e-05
0.4375,6.704096341283429e-05
0.43775,5.792992647109259e-05
0.438,4.898159888928168e-05
0.43825,3.999029262682059e-05
0.4385,3.152112987112744e-05
0.43875,2.3505901468817067e-05
0.439,1.594052430946128e-05
0.43925,8.898224460344227e-06
0.4395,2.439488129473798e-06
0.43975,-3.3979314679422344e-06
0.44,-8.730803690560796e-06
0.44025,-1.3535916214690344e-05
0.4405,-1.784093127198599e-05
0.44075,-2.168038966519798e-05
0.441,-2.5081376078901977e-05
0.44125,-2.8038543454008742e-05
0.4415,-3.063855086726452e-05
0.44175,-3.283677688725828e-05
0.442,-3.4748940881989006e-05
0.44225,-3.6310590884665026e-05
0.4425,-3.762677097088735e-05
0.44275,-3.8632473564294026e-05
0.443,-3.9624393717341273e-05
0.44325,-4.0196721047245836e-05
0.4435,-4.0492340676189344e-05
0.44375,-4.099347531248461e-05
0.444,-4.102126067743742e-05
0.44425,-4.1313081456724255e-05
0.4445,-4.149166403081134e-05
0.44475,-4.140043709160827e-05
0.445,-4.147310340989829e-05
0.44525,-4.1400964327049653e-05
0.4455,-4.149467991542924e-05
0.44575,-4.116691646114439e-05
0.446,-4.0799462459323074e-05
0.44625,-4.015553917782773e-05
0.4465,-3.91347160364923e-05
0.44675,-3.787927939784751e-05
0.447,-3.6324316424200765e-05
0.44725,-3.433481559547901e-05
0.4475,-3.1914449076028635e-05
0.44775,-2.8940457786551814e-05
0.448,-2.5445623486147207e-05
0.44825,-2.1304676521750253e-05
0.4485,-1.6479174429162784e-05
0.44875,-1.091531368781208e-05
0.449,-4.527583238065333e-06
0.44925,2.7697348123396585e-06
0.4495,1.0807785216925716e-05
0.44975,1.9439235766786487e-05
0.45,2.832565087795251e-05
0.45025,3.729293674625982e-05
0.4505,4.593770726890944e-05
0.45075,5.437226886202588e-05
0.451,6.174583438850001e-05
0.45125,6.82353299096911e-05
0.4515,7.351195715638666e-05
0.45175,7.676530782689492e-05
0.452,7.841259795388706e-05
0.45225,7.82434170147552e-05
0.4525,7.603359490472984e-05
0.45275,7.216902896259226e-05
0.453,6.676514797015028e-05
0.45325,5.997326619357259e-05
0.4535,5.2440532092819213e-05
0.45375,4.372034137037134e-05
0.454,3.460052278139014e-05
0.45425,2.539328556580562e-05
0.4545,1.6212133004746638e-05
0.45475,7.523432053650389e-06
0.455,-7.608926610758037e-07
0.45525,-8.122241585182985e-06
0.4555,-1.4659201839603509e-05
0.45575,-2.0129629295463026e-05
0.456,-2.5027884297644133e-05
0.45625,-2.9343508655313057e-05
0.4565,-3.398262381997645e-05
0.45675,-3.918933950288304e-05
0.457,-4.645678530371262e-05
0.45725,-5.57869081972582e-05
0.4575,-6.832632705769539e-05
0.45775,-8.2663226909094e-05
0.458,-9.663718857456436e-05
0.45825,-0.00010674604365759555
0.4585,-0.00010805225664768431
0.45875,-9.478311588675869e-05
0.459,-6.337764874622658e-05
0.45925,-8.507954240071656e-06
0.4595,6.928103349718533e-05
0.45975,0.00016429123594056047
0.46,0.0002652670122026289
0.46025,0.0003549525897305642
0.4605,0.0004135225385416196
0.46075,0.0004271829601304927
0.461,0.00039202584025195704
0.46125,0.00031449082113853917
0.4615,0.00021097455667764897
0.46175,0.00010343602588667471
0.462,6.638878268876032e-06
0.46225,-7.026117148591895e-05
0.4625,-0.00012198302655321782
0.46275,-0.00014840321703015307
0.463,-0.00015338113241334243
0.46325,-0.0001422193536468798
0.4635,-0.00012219951120536068
0.46375,-9.961432598129403e-05
0.464,-7.844713239521167e-05
0.46425,-6.22630326800971e-05
0.4645,-5.0565146124748946e-05
0.46475,-4.271178552226245e-05
0.465,-3.7349708267615595e-05
0.46525,-3.360249923099689e-05
0.4655,-3.0753077071207606e-05
0.46575,-2.8227546012169945e-05
0.466,-2.553577696568521e-05
0.46625,-2.2393553189426745e-05
0.4665,-1.857484127396139e-05
0.46675,-1.4126958047413798e-05
0.467,-9.143710477306053e-06
0.46725,-3.817729011013024e-06
0.4675,1.9453615899032378e-06
0.46775,8.247421112384381e-06
0.468,1.4983567753530537e-05
0.46825,2.2246128639754194e-05
0.4685,2.9860664073020564e-05
0.46875,3.8083602803491606e-05
0.469,4.6217500849452266e-05
0.46925,5.506174622026009e-05
0.4695,6.380355765301009e-05
0.46975,7.262833109618633e-05
0.47,8.146479896409198e-05
0.47025,8.990564092903788e-05
0.4705,9.869077247170549e-05
0.47075,0.00010663544069387184
0.471,0.00011423062828394703
0.47125,0.00012105851630944727
0.4715,0.00012719431485284772
0.47175,0.0001321600909091575
0.472,0.00013628200604886849
0.47225,0.00013936992329627892
0.4725,0.0001411860721715497
0.47275,0.00014220002389712306
0.473,0.0001418965170967748
0.47325,0.00014010634705330786
0.4735,0.00013768976713202
0.47375,0.0001337405391223185
0.474,0.00012884190064877088
0.47425,0.00012292391243107057
0.4745,0.00011599219124580878
0.47475,0.0001087050283510283
0.475,0.00010069050739323099
0.47525,9.21371048122066e-05
0.4755,8.329670821747197e-05
0.47575,7.391447494130568e-05
0.476,6.484381492059788e-05
0.47625,5.5613058697144934e-05
0.4765,4.612023749791816e-05
0.47675,3.7093575246118086e-05
0.477,2.829516614311437e-05
0.47725,1.9837497469927512e-05
0.4775,1.179545740254701e-05
0.47775,4.306742498220811e-06
0.478,-2.646409688114189e-06
0.47825,-9.018680747760817e-06
0.4785,-1.4888143651576891e-05
0.47875,-2.0166500586984147e-05
0.479,-2.4939017024599246e-05
0.47925,-2.9167930520377986e-05
0.4795,-3.3001047201661916e-05
0.47975,-3.6249299820339194e-05
0.48,-3.921439076058884e-05
0.48025,-4.167139485289019e-05
0.4805,-4.3730292258707744e-05
0.48075,-4.538408471413909e-05
0.481,-4.6646643492527906e-05
0.48125,-4.778436950054962e-05
0.4815,-4.875406355178846e-05
0.48175,-4.913772637245972e-05
0.482,-4.958614041768291e-05
0.48225,-4.98968532311225e-05
0.4825,-5.040570184606949e-05
0.48275,-5.039744294251195e-05
0.483,-5.050168906351612e-05
0.48325,-5.008155085978366e-05
0.4835,-5.008022862664852e-05
0.48375,-4.9712483811595375e-05
0.484,-4.966736155013981e-05
0.48425,-4.935579288139684e-05
0.4845,-4.900459343352234e-05
0.48475,-4.8241343828694155e-05
0.485,-4.782354943416759e-05
0.48525,-4.684442380497976e-05
0.4855,-4.564134021883144e-05
0.48575,-4.4170281505998795e-05
0.486,-4.265781938464144e-05
0.48625,-4.0214151214740584e-05
0.4865,-3.7389861243452244e-05
0.48675,-3.416842226297686e-05
0.487,-2.9962470633659044e-05
0.48725,-2.5200865490296326e-05
0.4875,-1.945913108939378e-05
0.48775,-1.299494166127176e-05
0.488,-5.6556985776626e-06
0.48825,2.261916517133032e-06
0.4885,1.0842069749130918e-05
0.48875,1.9741196614707465e-05
0.489,2.8812098010290498e-05
0.48925,3.779707012226831e-05
0.4895,4.6251101736454644e-05
0.48975,5.3841350611214895e-05
0.49,6.043107736133516e-05
0.49025,6.577595859481904e-05
0.4905,6.947394168222169e-05
0.49075,7.098975558468107e-05
0.491,7.10292896844521e-05
0.49125,6.912241947067378e-05
0.4915,6.527879740477247e-05
0.49175,5.970857918153791e-05
0.492,5.292387550784399e-05
0.49225,4.526179507670707e-05
0.4925,3.669422770620359e-05
0.49275,2.7616260511679206e-05
0.493,1.85693582668432e-05
0.49325,9.548837341155612e-06
0.4935,1.0473129663571243e-06
0.49375,-7.022155589254905e-06
0.494,-1.4228827097957359e-05
0.49425,-2.067755981349439e-05
0.4945,-2.6162244355119012e-05
0.49475,-3.119146696025754e-05
0.495,-3.572563236620368e-05
0.49525,-4.0710388364074144e-05
0.4955,-4.592356436683091e-05
0.49575,-5.290011953468426e-05
0.496,-6.176769410261887e-05
0.49625,-7.398113196878338e-05
0.4965,-9.067551272561065e-05
0.49675,-0.0001069374332155663
0.497,-0.00011682008600999436
0.49725,-0.00011532444199416536
0.4975,-9.861449474204547e-05
0.49775,-6.426715342377833e-05
0.498,-1.0050390384011828e-05
0.49825,6.430850025130369e-05
0.4985,0.0001588856974890901
0.49875,0.00026058213548560384
0.499,0.0003489385769671864
0.49925,0.00040696309243566273
0.4995,0.00042192742301542813
0.49975,0.00038521616382961526
0.5,0.00030689485363415397
0.50025,0.00020557529522522485
0.5005,9.859021297443823e-05
0.50075,2.0415158620753766e-06
0.501,-7.273640852334622e-05
0.50125,-0.00012234788795746924
0.5015,-0.0001475674192970699
0.50175,-0.00015190738808507062
0.502,-0.00013976501206185366
0.50225,-0.00011863100720823811
0.5025,-9.612604540398981e-05
0.50275,-7.550344757773696e-05
0.503,-5.880298624576079e-05
0.50325,-4.7225016716366846e-05
0.5035,-3.97656395405205e-05
0.50375,-3.51385874062613e-05
0.504,-3.160255821847642e-05
0.50425,-2.8416323670414554e-05
0.5045,-2.5388683890420614e-05
0.50475,-2.2099997802816788e-05
0.505,-1.847264341797255e-05
0.50525,-1.4324194178830476e-05
0.5055,-9.720679086698648e-06
0.50575,-4.617227309181239e-06
0.506,9.240950298849093e-07
0.50625,7.043927925640668e-06
0.5065,1.3612622230463964e-05
0.50675,2.0686373220681253e-05
0.507,2.8237374377225673e-05
0.50725,3.6220307504300034e-05
0.5075,4.471398837293151e-05
0.50775,5.335850013747236e-05
0.508,6.220849139214068e-05
0.50825,7.131021850558859e-05
0.5085,8.019629608199013e-05
0.50875,8.9326981137676e-05
0.509,9.788683745585928e-05
0.50925,0.00010662510554211448
0.5095,0.0001145131559119778
0.50975,0.00012214644160145718
0.51,0.00012853239896195635
0.51025,0.00013459414945030262
0.5105,0.0001391330333409235
0.51075,0.00014316786038454254
0.511,0.0001458300329194502
0.51125,0.0001475505740192221
0.5115,0.00014787138101041405
0.51175,0.00014722825375592454
0.512,0.0001452244473740465
0.51225,0.0001422033108901639
0.5125,0.00013789685592842656
0.51275,0.0001324424077813682
0.513,0.00012644396683535256
0.51325,0.00011947303789855192
0.5135,0.00011186940391380808
0.51375,0.00010362698636438863
0.514,9.520487911428826e-05
0.51425,8.61617731547978e-05
0.5145,7.727188580294082e-05
0.51475,6.78585438377833e-05
0.515,5.883259619713907e-05
0.51525,4.980064867924489e-05
0.5155,4.1139678389836324e-05
0.51575,3.2645571618964426e-05
0.516,2.4564602826335735e-05
0.51625,1.7022167781472544e-05
0.5165,1.0042070329251447e-05
0.51675,3.6077170546158302e-06
0.517,-2.2327313492916427e-06
0.51725,-7.538105349257675e-06
0.5175,-1.231214582282162e-05
0.51775,-1.6577911094033833e-05
0.518,-2.0319413411381313e-05
0.51825,-2.3638489443867335e-05
0.5185,-2.6439401030643276e-05
0.51875,-2.8876741660457067e-05
0.519,-3.088646874327563e-05
0.51925,-3.257184047375284e-05
0.5195,-3.387121750595214e-05
0.51975,-3.490709793308176e-05
0.52,-3.5685382659492304e-05
0.52025,-3.62113963938763e-05
0.5205,-3.65662270830176e-05
0.52075,-3.680701056532954e-05
0.521,-3.691978758195771e-05
0.52125,-3.693220657092414e-05
0.5215,-3.680018339610661e-05
0.52175,-3.664671169219407e-05
0.522,-3.635842505007609e-05
0.52225,-3.607920730281656e-05
0.5225,-3.5677449965597284e-05
0.52275,-3.527901863194184e-05
0.523,-3.473546052237384e-05
0.52325,-3.411217866316038e-05
0.5235,-3.3303946337625155e-05
0.52375,-3.234364341982997e-05
0.524,-3.1121700480055676e-05
0.52425,-2.9609218399334405e-05
0.5245,-2.7664703929974808e-05
0.52475,-2.5318709635354748e-05
0.525,-2.2353487285347246e-05
0.52525,-1.881910845883976e-05
0.5255,-1.451587715722996e-05
0.52575,-9.477651699639174e-06
0.526,-3.5845747724153946e-06
0.52625,3.0976702306274047e-06
0.5265,1.0582551702467419e-05
0.52675,1.8731967741606672e-05
0.527,2.745636355931632e-05
0.52725,3.648001760697795e-05
0.5275,4.5726654208936836e-05
0.52775,5.471373359094993e-05
0.528,6.348497207520514e-05
0.52825,7.109454193094282e-05
0.5285,7.761392548036513e-05
0.52875,8.254369086647462e-05
0.529,8.601378068206015e-05
0.52925,8.745776026990815e-05
0.5295,8.741857493371755e-05
0.52975,8.501620529201378e-05
0.53,8.13079332208839e-05
0.53025,7.5803569014418e-05
0.5305,6.886618941000993e-05
0.53075,6.121559589853543e-05
0.531,5.2701141581485016e-05
0.53125,4.375972645553624e-05
0.5315,3.475216492007107e-05
0.53175,2.6121874407341587e-05
0.532,1.796051617911352e-05
0.53225,1.0457830887831138e-05
0.5325,3.6670604282953384e-06
0.53275,-2.3051683662259416e-06
0.533,-7.276007566242381e-06
0.53325,-1.1063755582701411e-05
0.5335,-1.4870781524144116e-05
0.53375,-1.9827526187223247e-05
0.534,-2.65549466734306e-05
0.53425,-3.5435460915421656e-05
0.5345,-4.6469668367943576e-05
0.53475,-5.920033752170092e-05
0.535,-7.304699788595658e-05
0.53525,-8.748752316014048e-05
0.5355,-9.595195106367667e-05
0.53575,-9.051259052901056e-05
0.536,-6.61620632846985e-05
0.53625,-2.0049959674113618e-05
0.5365,4.748880228090097e-05
0.53675,0.00013340192746479063
0.537,0.000231632331220974
0.53725,0.0003297743153564966
0.5375,0.0004057329461783425
0.53775,0.00044068947364332765
0.538,0.0004254492131630184
0.53825,0.00036155792828166083
0.5385,0.00026536243123151653
0.53875,0.00015758255387989466
0.539,5.560255222659831e-05
0.53925,-2.7858108944451774e-05
0.5395,-8.672928588699773e-05
0.53975,-0.00011787045530294294
0.54,-0.00012579562388044662
0.54025,-0.00011827046650388713
0.5405,-0.00010153102014921987
0.54075,-8.105640627450364e-05
0.541,-6.071876827399137e-05
0.54125,-4.3719243325983575e-05
0.5415,-3.078237776792461e-05
0.54175,-2.2602439071002434e-05
0.542,-1.7270923073569884e-05
0.54225,-1.3536896044497556e-05
0.5425,-1.0581475593993139e-05
0.54275,-7.826661393894612e-06
0.543,-4.729503292081237e-06
0.54325,-1.1227320584148948e-06
0.5435,3.08893432969395e-06
0.54375,7.711100260792737e-06
0.544,1.2806688601748892e-05
0.54425,1.838834143627966e-05
0.5445,2.4539468315266e-05
0.54475,3.117457917707716e-05
0.545,3.838537074810785e-05
0.54525,4.610279938217516e-05
0.5455,5.432126239831634e-05
0.54575,6.247145347740713e-05
0.546,7.137996908203547e-05
0.54625,8.03894619030634e-05
0.5465,8.969259073683188e-05
0.54675,9.914368977263834e-05
0.547,0.00010816171278927485
0.54725,0.00011716250840661208
0.5475,0.00012586474264271707
0.54775,0.0001337817107125441
0.548,0.0001412643761898531
0.54825,0.0001480613812997132
0.5485,0.00015399913832124876
0.54875,0.00015926454834378203
0.549,0.0001629770595181508
0.54925,0.00016580723686114885
0.5495,0.00016757534587327598
0.54975,0.00016811042886963538
0.55,0.00016721668498308548
0.55025,0.00016461326910215563
0.5505,0.0001612345395783186
0.55075,0.0001566834362638096
0.551,0.0001513154054142272
0.55125,0.0001451538822506134
0.5515,0.00013824947282706964
0.55175,0.00013047167410133896
0.552,0.00012267959050274338
0.55225,0.00011418637674758184
0.5525,0.00010552079714944604
0.55275,9.698271697811632e-05
0.553,8.798845319364656e-05
0.55325,7.932922675426325e-05
0.5535,7.075710367923237e-05
0.55375,6.211393208065698e-05
0.554,5.3858567343813204e-05
0.55425,4.595496929233869e-05
0.5545,3.882524085406278e-05
0.55475,3.21008422528558e-05
0.555,2.589721318117991e-05
0.55525,2.0389814567783922e-05
0.5555,1.5424220963705683e-05
0.55575,1.1017501200650288e-05
0.556,7.115964542354998e-06
0.55625,3.7200325222175447e-06
0.5565,7.721664617428193e-07
0.55675,-1.7500460515693805e-06
0.557,-3.89503781234102e-06
0.55725,-5.661798974078523e-06
0.5575,-7.107482000035965e-06
0.55775,-8.242583135477082e-06
0.558,-9.125964296558597e-06
0.55825,-9.789343693243933e-06
0.5585,-1.0197836812646062e-05
0.55875,-1.0493162890485916e-05
0.559,-1.0590026949368938e-05
0.55925,-1.0599799371142343e-05
0.5595,-1.049646700077986e-05
0.55975,-1.0339165278780215e-05
0.56,-1.0186326298886987e-05
0.56025,-9.96317210821303e-06
0.5605,-9.690439305967802e-06
0.56075,-9.35605087135409e-06
0.561,-8.896015808475118e-06
0.56125,-8.331374824898162e-06
0.5615,-7.572344791152063e-06
0.56175,-6.5884821809945885e-06
0.562,-5.363433951751991e-06
0.56225,-3.82429882178409e-06
0.5625,-1.8985413487544029e-06
0.56275,4.382750173489489e-07
0.563,3.297224293389173e-06
0.56325,6.696777729378051e-06
0.5635,1.077957684350854e-05
0.56375,1.551818274742682e-05
0.564,2.1146706014539614e-05
0.56425,2.7584695072872704e-05
0.5645,3.4966989319575376e-05
0.56475,4.2788890828998984e-05
0.565,5.172969491797707e-05
0.56525,6.038491375163084e-05
0.5655,6.929519462367585e-05
0.56575,7.836352927364692e-05
0.566,8.66604416066308e-05
0.56625,9.41946357979242e-05
0.5665,0.00010061427987460733
0.56675,0.00010548384431547254
0.567,0.00010880788097094499
0.56725,0.0001102079940500772
0.5675,0.00010965098726619285
0.56775,0.00010711196586622821
0.568,0.00010298654460046701
0.56825,9.72728999681043e-05
0.5685,9.037089360131433e-05
0.56875,8.224688757755018e-05
0.569,7.369649171479592e-05
0.56925,6.437039743345685e-05
0.5695,5.529007981312006e-05
0.56975,4.665673475692885e-05
0.57,3.875708563135423e-05
0.57025,3.152675655156215e-05
0.5705,2.5025251208475058e-05
0.57075,1.9384726277707638e-05
0.571,1.4397690142690144e-05
0.57125,9.971486377610055e-06
0.5715,5.742761413172435e-06
0.57175,1.4157197506867732e-06
0.572,-4.549203162653281e-06
0.57225,-1.324492225636577e-05
0.5725,-2.491143792962743e-05
0.57275,-3.8748650523551634e-05
0.573,-5.295879298184085e-05
0.57325,-6.4446961691011e-05
0.5735,-6.733489630818417e-05
0.57375,-5.53777574092065e-05
0.574,-2.4621718461516416e-05
0.57425,2.7819520826194e-05
0.5745,0.00010347427655206453
0.57475,0.00020170375799247325
0.575,0.0003035793272979217
0.57525,0.00038786439338409627
0.5755,0.0004422746339042406
0.57575,0.0004549955198593353
0.576,0.0004168228533191794
0.57625,0.00033675242898476015
0.5765,0.00023276645636534084
0.57675,0.00012606643020199077
0.577,3.1970349471025686e-05
0.57725,-3.97639226832556e-05
0.5775,-8.563630189678796e-05
0.57775,-0.0001063816400201464
0.578,-0.00010532675718946942
0.57825,-9.059699396107535e-05
0.5785,-6.937400535605749e-05
0.57875,-4.7345497152733946e-05
0.579,-2.7956724759068754e-05
0.57925,-1.3274679872953747e-05
0.5795,-3.5212767677868815e-06
0.57975,2.8107608182447224e-06
0.58,7.343657584247074e-06
0.58025,1.0813455797973123e-05
0.5805,1.3771685978972082e-05
0.58075,1.6686011809226075e-05
0.581,1.989702023192894e-05
0.58125,2.359655536249441e-05
0.5815,2.788787250848098e-05
0.58175,3.2695533622281194e-05
0.582,3.7900698908768194e-05
0.58225,4.3631446221921544e-05
0.5825,4.986280634618438e-05
0.58275,5.645558819117313e-05
0.583,6.382324084738754e-05
0.58325,7.162533615240743e-05
0.5835,7.978903572199127e-05
0.58375,8.83836517485694e-05
0.584,9.697465585317767e-05
0.58425,0.00010593707290900235
0.5845,0.00011494989432451123
0.58475,0.00012392864691764742
0.585,0.00013294684124497724
0.58525,0.0001415825542063559
0.5855,0.00014983254007708388
0.58575,0.00015768492659011635
0.586,0.0001648300175568753
0.58625,0.00017075339285937908
0.5865,0.00017628950548890957
0.58675,0.00018034418901822092
0.587,0.00018348560834145414
0.58725,0.00018595732924784106
0.5875,0.00018684264389997693
0.58775,0.00018655454255464226
0.588,0.0001850721109935197
0.58825,0.00018244528010186138
0.5885,0.00017860724933417858
0.58875,0.00017364528421249826
0.589,0.00016743026509750259
0.58925,0.00016083703706757066
0.5895,0.00015344376398045007
0.58975,0.0001456772033015329
0.59,0.0001371025342647549
0.59025,0.00012851106427547008
0.5905,0.0001195242109474079
0.59075,0.00011089801534050143
0.591,0.00010194820850739515
0.59125,9.29228376589674e-05
0.5915,8.428856878491705e-05
0.59175,7.606274960382143e-05
0.592,6.783227453853668e-05
0.59225,6.033820208215407e-05
0.5925,5.327733645947169e-05
0.59275,4.695050510499937e-05
0.593,4.1078653350038054e-05
0.59325,3.5693020218034975e-05
0.5935,3.0977601801019437e-05
0.59375,2.6705950290226103e-05
0.594,2.2966880718667134e-05
0.59425,1.9678059113069668e-05
0.5945,1.684348756009406e-05
0.59475,1.4382361400751675e-05
0.595,1.2330274533837558e-05
0.59525,1.0618788357797821e-05
0.5955,9.23438054254907e-06
0.59575,8.154567386580717e-06
0.596,7.285619772101367e-06
0.59625,6.67669751732852e-06
0.5965,6.20701646928187e-06
0.59675,5.913058964029841e-06
0.597,5.72233171695011e-06
0.59725,5.626905212556155e-06
0.5975,5.631007552574422e-06
0.59775,5.731630869769684e-06
0.598,5.897712877364338e-06
0.59825,6.077657431732495e-06
0.5985,6.393649550004196e-06
0.59875,6.735293068853911e-06
0.599,7.165854631539742e-06
0.59925,7.733142773496405e-06
0.5995,8.51039515170238e-06
0.59975,9.468640887270807e-06
0.6,1.0669259565204219e-05
0.60025,1.2239953813728606e-05
0.6005,1.4215777851319221e-05
0.60075,1.6713881672870634e-05
0.601,1.9777176907190832e-05
0.60125,2.3551124690574738e-05
0.6015,2.8060353566544625e-05
0.60175,3.331238681773652e-05
0.602,3.949580646306421e-05
0.60225,4.6468940161105125e-05
0.6025,5.427548526036239e-05
0.60275,6.243986257931302e-05
0.603,7.141677162998263e-05
0.60325,8.04085442963117e-05
0.6035,8.942030879111421e-05
0.60375,9.803567624494435e-05
0.604,0.00010630379548936827
0.60425,0.00011303949108822789
0.6045,0.00011857535408844674
0.60475,0.0001225896025198407
0.605,0.00012465308110166896
0.60525,0.0001247487059752322
0.6055,0.00012326878161077797
0.60575,0.00011986591854868772
0.606,0.00011447210310571461
0.60625,0.00010787783691774328
0.6065,0.0001001184926826699
0.60675,9.153341389774228e-05
0.607,8.256823573856506e-05
0.60725,7.317938552178486e-05
0.6075,6.416361823723494e-05
0.60775,5.5531691084931625e-05
0.608,4.7670350563581916e-05
0.60825,4.058585136100239e-05
0.6085,3.452043968925375e-05
0.60875,2.905964520455552e-05
0.609,2.422207257069852e-05
0.60925,1.9645150004638867e-05
0.6095,1.5076652311761131e-05
0.60975,9.716976596175625e-06
0.61,2.072834711293646e-06
0.61025,-8.55316238941457e-06
0.6105,-2.183073955659438e-05
0.61075,-3.6481130853412e-05
0.611,-4.993022744166735e-05
0.61125,-5.701136898989654e-05
0.6115,-5.1790570712808064e-05
0.61175,-2.9784940413172808e-05
0.612,1.3049279145178025e-05
0.61225,7.985390454009802e-05
0.6125,0.00016984053595680212
0.61275,0.00026878157632559304
0.613,0.0003612602207253925
0.61325,0.00043174954095025404
0.6135,0.00046484839936918683
0.61375,0.0004475067475414781
0.614,0.0003802805048130823
0.61425,0.0002843933772173579
0.6145,0.00017847044648028063
0.61475,7.826294994834572e-05
0.615,-5.045916584334867e-06
0.61525,-6.359295613861358e-05
0.6155,-9.61933011806063e-05
0.61575,-0.00010631794652249133
0.616,-9.978178191040146e-05
0.61625,-8.172843372332116e-05
0.6165,-5.831038880651041e-05
0.61675,-3.639510084337659e-05
0.617,-1.9013819281380706e-05
0.61725,-6.23322112121669e-06
0.6175,2.4632809059878436e-06
0.61775,7.983354837582472e-06
0.618,1.1621959828847617e-05
0.61825,1.475136480361351e-05
0.6185,1.776876620282792e-05
0.61875,2.08854379615309e-05
0.619,2.4281031559460232e-05
0.61925,2.813206797445256e-05
0.6195,3.242563029226718e-05
0.61975,3.721450950198423e-05
0.62,4.244727763491097e-05
0.62025,4.828618652471357e-05
0.6205,5.454675002409576e-05
0.62075,6.116315334613357e-05
0.621,6.859262717409293e-05
0.62125,7.60072967522355e-05
0.6215,8.420862226754175e-05
0.62175,9.24183151677672e-05
0.622,0.00010101436828691177
0.62225,0.00010961632570259795
0.6225,0.00011860022301725588
0.62275,0.0001276030279379859
0.623,0.00013621942347490836
0.62325,0.0001444352436638919
0.6235,0.0001526540712889924
0.62375,0.00016011044640358503
0.624,0.00016677308711539104
0.62425,0.00017266488286645307
0.6245,0.00017738408504852011
0.62475,0.0001813068360171851
0.625,0.00018446538261870604
0.62525,0.00018606004181547127
0.6255,0.0001868551130083911
0.62575,0.00018650146035569732
0.626,0.0001845696335191933
0.62625,0.00018184860013076762
0.6265,0.00017796707350550806
0.62675,0.00017289923541542683
0.627,0.0001670531543095814
0.62725,0.0001600325562588327
0.6275,0.0001526026409820827
0.62775,0.00014479679530245395
0.628,0.00013619957177717196
0.62825,0.00012759619201495377
0.6285,0.00011860958212810764
0.62875,0.000109608994848223
0.629,0.00010061982089306848
0.62925,9.161666675645318e-05
0.6295,8.301351009025112e-05
0.62975,7.44020659417974e-05
0.63,6.657264098352968e-05
0.63025,5.8750969209596936e-05
0.6305,5.169274988120242e-05
0.63075,4.543476464864391e-05
0.631,3.917124800006567e-05
0.63125,3.384016806501391e-05
0.6315,2.8949430825268862e-05
0.63175,2.4560029078526742e-05
0.632,2.0646749635200833e-05
0.63225,1.715825384733451e-05
0.6325,1.414469648081315e-05
0.63275,1.1479147829687361e-05
0.633,9.209409671573177e-06
0.63325,7.2484461222849065e-06
0.6335,5.644374124608359e-06
0.63375,4.271098063679332e-06
0.634,3.176191679361968e-06
0.63425,2.2766309211834235e-06
0.6345,1.5622609508694622e-06
0.63475,9.8361176630632e-07
0.635,5.128020134890958e-07
0.63525,1.4453747204051148e-07
0.6355,-1.1051299105624097e-07
0.63575,-2.924775778707796e-07
0.636,-3.999472851777077e-07
0.63625,-4.5973292413970243e-07
0.6365,-4.4704070867138636e-07
0.63675,-3.7529978919802593e-07
0.637,-1.988471996497472e-07
0.63725,8.368287634489042e-08
0.6375,5.382054923242653e-07
0.63775,1.1774260798920485e-06
0.638,2.094883587529916e-06
0.63825,3.309139334121935e-06
0.6385,4.931769286730616e-06
0.63875,7.022165126397713e-06
0.639,9.70976761218729e-06
0.63925,1.251918183526897e-05
