0.0,1.6196322071024243e-07
0.00025,1.337225150105551e-07
0.0005,9.486494426641909e-08
0.00075,5.252921602369036e-08
0.001,1.4062198370235847e-08
0.00125,-1.685906064307521e-08
0.0015,-3.809445553011759e-08
0.00175,-4.937881398952302e-08
0.002,-5.195963438729478e-08
0.00225,-4.7963272011806076e-08
0.0025,-4.016070346598904e-08
0.00275,-3.1136847210142115e-08
0.003,-2.2890342404327563e-08
0.00325,-1.6322672416344306e-08
0.0035,-1.1733497108397004e-08
0.00375,-8.710703962989639e-09
0.004,-6.669186268959679e-09
0.00425,-5.23255346193267e-09
0.0045,-4.0891806285802465e-09
0.00475,-2.9859036199307904e-09
0.005,-1.7789948582737553e-09
0.00525,-3.8094184256964185e-10
0.0055,1.2301658448729406e-09
0.00575,2.997557005016512e-09
0.006,4.939356439479868e-09
0.00625,7.083248490081014e-09
0.0065,9.422896689518615e-09
0.00675,1.1964268648513743e-08
0.007,1.4701744559868604e-08
0.00725,1.760919368123337e-08
0.0075,2.0668693689863273e-08
0.00775,2.403589629087294e-08
0.008,2.7396822514147983e-08
0.00825,3.07630335052944e-08
0.0085,3.4280567979282284e-08
0.00875,3.795153534243098e-08
0.009,4.14630666304144e-08
0.00925,4.482754909878811e-08
0.0095,4.818910894163411e-08
0.00975,5.1397019431899906e-08
0.01,5.4295853752892906e-08
0.01025,5.689104090230649e-08
0.0105,5.9178892626817797e-08
0.01075,6.116050011407353e-08
0.011,6.26820555232995e-08
0.01125,6.38987950130571e-08
0.0115,6.449895420883501e-08
0.01175,6.480164585164191e-08
0.012,6.447786126274438e-08
0.01225,6.355762630277562e-08
0.0125,6.232157582498043e-08
0.01275,6.048136229730257e-08
0.013,5.84881355774433e-08
0.01325,5.6032304380883485e-08
0.0135,5.327690144093042e-08
0.01375,5.036759834311962e-08
0.014,4.714988677177484e-08
0.01425,4.3786952531899916e-08
0.0145,4.0421299584714633e-08
0.01475,3.690070706662777e-08
0.015,3.323065435940512e-08
0.01525,2.9719528745681037e-08
0.0155,2.6198526798648886e-08
0.01575,2.2689333884873614e-08
0.016,1.9482168570810602e-08
0.01625,1.6271075932753768e-08
0.0165,1.3157550217317383e-08
0.01675,1.0321457817196384e-08
0.017,7.71207992957246e-09
0.01725,5.350183454316951e-09
0.0175,3.2304029465917512e-09
0.01775,1.3465508955892241e-09
0.018,-3.325002107136414e-10
0.01825,-1.8115077695786428e-09
0.0185,-3.091653452775095e-09
0.01875,-4.201780982092501e-09
0.019,-5.145941185532331e-09
0.01925,-5.935608198181244e-09
0.0195,-6.5899265273415555e-09
0.01975,-7.1047795703591315e-09
0.02,-7.515492671947979e-09
0.02025,-7.800805133288946e-09
0.0205,-7.998882971672287e-09
0.02075,-8.116566348328363e-09
0.021,-8.146589377625544e-09
0.02125,-8.127914948087643e-09
0.0215,-8.035421402744654e-09
0.02175,-7.911228705409709e-09
0.022,-7.758359191064341e-09
0.02225,-7.57262069309582e-09
0.0225,-7.359001757248299e-09
0.02275,-7.127810306075225e-09
0.023,-6.867809223876073e-09
0.02325,-6.5750734946242645e-09
0.0235,-6.237406950195387e-09
0.02375,-5.820807140325195e-09
0.024,-5.3456069502941255e-09
0.02425,-4.77438012737344e-09
0.0245,-4.08248303484693e-09
0.02475,-3.2341720142028702e-09
0.025,-2.235451911489753e-09
0.02525,-1.0308544812303728e-09
0.0255,4.034223838130378e-10
0.02575,2.1078546814066153e-09
0.026,4.122138565355983e-09
0.02625,6.476785287977233e-09
0.0265,9.131183422448744e-09
0.02675,1.2064990452880237e-08
0.027,1.5252312476159757e-08
0.02725,1.8640929661201425e-08
0.0275,2.215798173309716e-08
0.02775,2.567358634196094e-08
0.028,2.9025068742676528e-08
0.02825,3.223613934824037e-08
0.0285,3.527222408073511e-08
0.02875,3.769448691388986e-08
0.029,3.9656910388897556e-08
0.02925,4.084013505961691e-08
0.0295,4.126976797279128e-08
0.02975,4.1086506039796755e-08
0.03,4.012912466810008e-08
0.03025,3.8420571323166524e-08
0.0305,3.625738048819539e-08
0.03075,3.347376046522639e-08
0.031,3.025357691201996e-08
0.03125,2.687836504035032e-08
0.0315,2.3197855739057062e-08
0.03175,1.9537717716717866e-08
0.032,1.60261981990876e-08
0.03225,1.267513667287421e-08
0.0325,9.61841049873405e-09
0.03275,6.932790791438168e-09
0.033,4.610527869821674e-09
0.03325,2.6246857012254055e-09
0.0335,8.620274829535985e-10
0.03375,-8.498418703391589e-10
0.034,-2.7380904320617515e-09
0.03425,-5.06111074573548e-09
0.0345,-8.172410205745976e-09
0.03475,-1.2410902239133809e-08
0.035,-1.773074912047405e-08
0.03525,-2.3381914860549776e-08
0.0355,-2.8347429394808704e-08
0.03575,-3.0581867282242736e-08
0.036,-2.8304215756412865e-08
0.03625,-1.944416386480408e-08
0.0365,-1.6676322962455844e-09
0.03675,2.549271132077206e-08
0.037,6.055698613784202e-08
0.03725,9.965742081594995e-08
0.0375,1.370923439498046e-07
0.03775,1.6478922497177475e-07
0.038,1.775150330213839e-07
0.03825,1.7013329849401873e-07
0.0385,1.4397585972326032e-07
0.03875,1.0616585524440976e-07
0.039,6.391686403342453e-08
0.03925,2.4168628337468736e-08
0.0395,-8.390908535018573e-09
0.03975,-3.140107045925993e-08
0.04,-4.437607243283815e-08
0.04025,-4.799428130613757e-08
0.0405,-4.522960918678656e-08
0.04075,-3.863651278574871e-08
0.041,-3.048321381295683e-08
0.04125,-2.2096124652500278e-08
0.0415,-1.4872675094954285e-08
0.04175,-9.637536361497253e-09
0.042,-6.239582856294672e-09
0.04225,-4.003155731930541e-09
0.0425,-2.482099316480243e-09
0.04275,-1.2930586568446767e-09
0.043,-1.8162816079798682e-10
0.04325,1.0416383204980542e-09
0.0435,2.4372074873040694e-09
0.04375,3.993809873569942e-09
0.044,5.682964299832775e-09
0.04425,7.56584465211057e-09
0.0445,9.639019082601188e-09
0.04475,1.1921305181968182e-08
0.045,1.438789444714297e-08
0.04525,1.7007854134834406e-08
0.0455,1.992697489521543e-08
0.04575,2.2997909939515488e-08
0.046,2.6209840185752396e-08
0.04625,2.9431688118186214e-08
0.0465,3.296722652474488e-08
0.04675,3.647063604150175e-08
0.047,4.0003366626465986e-08
0.04725,4.3668941052306505e-08
0.0475,4.717284949562159e-08
0.04775,5.052388580453483e-08
0.048,5.3726332864308046e-08
0.04825,5.6763377810594206e-08
0.0485,5.949887949487879e-08
0.04875,6.20790306568804e-08
0.049,6.417827121520721e-08
0.04925,6.600530825731039e-08
0.0495,6.748515209300233e-08
0.04975,6.837292558201721e-08
0.05,6.894951777767792e-08
0.05025,6.890174871243159e-08
0.0505,6.841201509397965e-08
0.05075,6.746005961860829e-08
0.051,6.621569529413597e-08
0.05125,6.448418740809227e-08
0.0515,6.232808987255669e-08
0.05175,6.001613412455049e-08
0.052,5.738990622787337e-08
0.05225,5.446530104171228e-08
0.0525,5.1400036478889766e-08
0.05275,4.817209590031275e-08
0.053,4.480053331641908e-08
0.05325,4.126981900445659e-08
0.0535,3.776713200676524e-08
0.05375,3.423272245637081e-08
0.054,3.0749417293136156e-08
0.05425,2.7530603711104663e-08
0.0545,2.4184171580255065e-08
0.05475,2.130688996265652e-08
0.055,1.8400176908669526e-08
0.05525,1.5839754219496924e-08
0.0555,1.342462778697754e-08
0.05575,1.1239199002988653e-08
0.056,9.242455857150449e-09
0.05625,7.450190681129722e-09
0.0565,5.853557259504438e-09
0.05675,4.43954239965095e-09
0.057,3.2110697833315493e-09
0.05725,2.1445606269117328e-09
0.0575,1.2354571126575803e-09
0.05775,4.783781427607394e-10
0.058,-1.599429549136788e-10
0.05825,-6.767653347399628e-10
0.0585,-1.1076506876668866e-09
0.05875,-1.4526286439462598e-09
0.059,-1.737464178862258e-09
0.05925,-1.9561458505186406e-09
0.0595,-2.1075202483893485e-09
0.05975,-2.2245770002347953e-09
0.06,-2.315556581995366e-09
0.06025,-2.3546064726126775e-09
0.0605,-2.388815302871721e-09
0.06075,-2.3963049102959282e-09
0.061,-2.3668953059594425e-09
0.06125,-2.3147277396621937e-09
0.0615,-2.222353606826361e-09
0.06175,-2.0929443792975298e-09
0.062,-1.905999272942736e-09
0.06225,-1.6517089571184247e-09
0.0625,-1.3115754954641112e-09
0.06275,-8.751400017572585e-10
0.063,-3.398974165045109e-10
0.06325,3.550109107883777e-10
0.0635,1.2521503638151725e-09
0.06375,2.4058559143260206e-09
0.064,3.837950759923232e-09
0.06425,5.568935506198565e-09
0.0645,7.616372636351186e-09
0.06475,9.9922303773597e-09
0.065,1.2676582240877263e-08
0.06525,1.5594230482247668e-08
0.0655,1.8839539810800945e-08
0.06575,2.23807873480657e-08
0.066,2.6053983818594452e-08
0.06625,2.972373166736592e-08
0.0665,3.3382942886852426e-08
0.06675,3.669225236595425e-08
0.067,3.956657815390925e-08
0.06725,4.211491084370605e-08
0.0675,4.403620943369818e-08
0.06775,4.533810115304922e-08
0.068,4.5875502214503524e-08
0.06825,4.5805293498319035e-08
0.0685,4.4962448415715366e-08
0.06875,4.3518905660633296e-08
0.069,4.130007169546519e-08
0.06925,3.866986439299356e-08
0.0695,3.5550584620942944e-08
0.06975,3.21887953846468e-08
0.07,2.881755193096732e-08
0.07025,2.546244593348784e-08
0.0705,2.2094465305185265e-08
0.07075,1.8925430667494177e-08
0.071,1.603968871574375e-08
0.07125,1.340151727500936e-08
0.0715,1.1041384686994654e-08
0.07175,9.007667436285097e-09
0.072,7.270740340402659e-09
0.07225,5.690649836779795e-09
0.0725,3.88045387356425e-09
0.07275,1.591779546788415e-09
0.073,-1.4658859676592286e-09
0.07325,-5.417354515313566e-09
0.0735,-1.0475485300642518e-08
0.07375,-1.642710037690865e-08
0.074,-2.1769721970866593e-08
0.07425,-2.439077283053317e-08
0.0745,-2.2415938695730076e-08
0.07475,-1.4251773558572963e-08
0.075,1.6258067657685612e-09
0.07525,2.6533657125841443e-08
0.0755,6.07945695993745e-08
0.07575,9.95171171947615e-08
0.076,1.3664320043393273e-07
0.07625,1.6650556390473032e-07
0.0765,1.82909489488663e-07
0.07675,1.80497763727287e-07
0.077,1.584295161461298e-07
0.07725,1.2255845507627051e-07
0.0775,8.162947430465214e-08
0.07775,4.130452808952304e-08
0.078,6.5145840557726186e-09
0.07825,-1.944150991890644e-08
0.0785,-3.5176801386139355e-08
0.07875,-4.180050176262708e-08
0.079,-4.117269411313526e-08
0.07925,-3.5451467322746953e-08
0.0795,-2.6644535386289345e-08
0.07975,-1.7584879462651066e-08
0.08,-1.005325403038942e-08
0.08025,-4.348851027106691e-09
0.0805,-2.9383536866408366e-10
0.08075,2.36358230606357e-09
0.081,4.0647111253334825e-09
0.08125,5.3516929314867676e-09
0.0815,6.5734893071807855e-09
0.08175,7.783709406035011e-09
0.082,9.101425609213937e-09
0.08225,1.0539964497060838e-08
0.0825,1.2172988294239387e-08
0.08275,1.3984280758233263e-08
0.083,1.6015399627927784e-08
0.08325,1.8164769140804626e-08
0.0835,2.0496428557881156e-08
0.08375,2.312579671664535e-08
0.084,2.5892411334523476e-08
0.08425,2.8822159010187215e-08
0.0845,3.189426928100586e-08
0.08475,3.513390772203021e-08
0.085,3.8498107778508296e-08
0.08525,4.18761735067631e-08
0.0855,4.540318645844409e-08
0.08575,4.891900799331508e-08
0.086,5.242237515820953e-08
0.08625,5.577555902451132e-08
0.0865,5.9125544501524585e-08
0.08675,6.213257033862393e-08
0.087,6.504159390117279e-08
0.08725,6.773491260637214e-08
0.0875,6.99690860152463e-08
0.08775,7.174137992177485e-08
0.088,7.324978799143866e-08
0.08825,7.438968189300239e-08
0.0885,7.494299663225174e-08
0.08875,7.520207674566066e-08
0.089,7.497700304788901e-08
0.08925,7.430726108639564e-08
0.0895,7.316809786477717e-08
0.08975,7.158032006508987e-08
0.09,6.951979434757626e-08
0.09025,6.703450195965596e-08
0.0905,6.441583672122752e-08
0.09075,6.144581640629398e-08
0.091,5.823303630007819e-08
0.09125,5.4995466777443334e-08
0.0915,5.144727121172794e-08
0.09175,4.79501333254496e-08
0.092,4.441724354902266e-08
0.09225,4.091823958534008e-08
0.0925,3.737926601121918e-08
0.09275,3.390755852442129e-08
0.093,3.071082117947241e-08
0.09325,2.7509590996528814e-08
0.0935,2.4474369082249946e-08
0.09375,2.160736882998829e-08
0.094,1.9041035590115926e-08
0.09425,1.6627826332429468e-08
0.0945,1.4564256776749948e-08
0.09475,1.2617124939962483e-08
0.095,1.0884846247987633e-08
0.09525,9.328554563322538e-09
0.0955,7.973265384862927e-09
0.09575,6.783136459677075e-09
0.096,5.756833047373219e-09
0.09625,4.872253053271761e-09
0.0965,4.150986796416056e-09
0.09675,3.5519424112429868e-09
0.097,3.0681285160285233e-09
0.09725,2.681605771838575e-09
0.0975,2.3922507521600818e-09
0.09775,2.1704756433508046e-09
0.098,2.0318068971140997e-09
0.09825,1.924320610764983e-09
0.0985,1.8600769606996399e-09
0.09875,1.8487159293568626e-09
0.099,1.8704851373481947e-09
0.09925,1.919710152661046e-09
0.0995,1.9997279466425155e-09
0.09975,2.0769424355653244e-09
0.1,2.2087027690533734e-09
0.10025,2.345051680667738e-09
0.1005,2.542635055569369e-09
0.10075,2.7731464533922104e-09
0.101,3.083195419867203e-09
0.10125,3.473304987168953e-09
0.1015,3.971545251650842e-09
0.10175,4.6012583735572285e-09
0.102,5.398043396767845e-09
0.10225,6.372231239098919e-09
0.1025,7.57779153178644e-09
0.10275,9.019005886126174e-09
0.103,1.0757277003903549e-08
0.10325,1.2805509079550187e-08
0.1035,1.5207739782133067e-08
0.10375,1.7863049336509688e-08
0.104,2.0851440014703182e-08
0.10425,2.4241087941509665e-08
0.1045,2.7608521199457706e-08
0.10475,3.1150534541530665e-08
0.105,3.46501128943132e-08
0.10525,3.817622910914585e-08
0.1055,4.1461619437216595e-08
0.10575,4.431895258565289e-08
0.106,4.6824801489014835e-08
0.10625,4.85269784536357e-08
0.1065,4.967092685938236e-08
0.10675,5.0150799920445686e-08
0.107,4.987968107494135e-08
0.10725,4.881957629585609e-08
0.1075,4.704639711747464e-08
0.10775,4.482277906372162e-08
0.108,4.1959767868530136e-08
0.10825,3.8723739390707807e-08
0.1085,3.530655016331313e-08
0.10875,3.163030727152684e-08
0.109,2.813867148506138e-08
0.10925,2.4631005460950075e-08
0.1095,2.149283921954615e-08
0.10975,1.8419452022386405e-08
0.11,1.560496724946117e-08
0.11025,1.3219760726083825e-08
0.1105,1.1063142980377516e-08
0.11075,9.145105964198296e-09
0.111,7.485482012268434e-09
0.11125,5.690542194450079e-09
0.1115,3.341815314257918e-09
0.11175,6.093272509914057e-11
0.112,-4.186367629237818e-09
0.11225,-9.354809289319036e-09
0.1125,-1.51135628667132e-08
0.11275,-2.0764318784143863e-08
0.113,-2.3751446718563317e-08
0.11325,-2.208153752796701e-08
0.1135,-1.4072805639524624e-08
0.11375,1.693767070964357e-09
0.114,2.591405230098225e-08
0.11425,5.9152417143706e-08
0.1145,9.938089812865521e-08
0.11475,1.373231574938233e-07
0.115,1.6657425320824867e-07
0.11525,1.8362878534057866e-07
0.1155,1.8162135371915566e-07
0.11575,1.6175134948440186e-07
0.116,1.2691052163451918e-07
0.11625,8.522908197955435e-08
0.1165,4.416677092978889e-08
0.11675,8.993111687648227e-09
0.117,-1.723579392802209e-08
0.11725,-3.3375179317423175e-08
0.1175,-3.977789310316651e-08
0.11775,-3.824444535688981e-08
0.118,-3.211404118669529e-08
0.11825,-2.3757677206850832e-08
0.1185,-1.5301309192677475e-08
0.11875,-7.863308307311502e-09
0.119,-2.3385052643264057e-09
0.11925,1.3567062211595942e-09
0.1195,3.6636760111277397e-09
0.11975,5.402655194587123e-09
0.12,6.693746419662623e-09
0.12025,7.843245510953643e-09
0.1205,8.929977060283362e-09
0.12075,1.0170211723415945e-08
0.121,1.1529153385205136e-08
0.12125,1.3155234137947365e-08
0.1215,1.4936485354774596e-08
0.12175,1.690256756651141e-08
0.122,1.9066096483308795e-08
0.12225,2.1396160324914685e-08
0.1225,2.3875484532790757e-08
0.12275,2.6698822677975847e-08
0.123,2.957934028184534e-08
0.12325,3.254169240467934e-08
0.1235,3.5774944073136044e-08
0.12375,3.8986630368741485e-08
0.124,4.240681670781861e-08
0.12425,4.589511047783425e-08
0.1245,4.9272918127990656e-08
0.12475,5.2776276292963276e-08
0.125,5.5930124650273624e-08
0.12525,5.916817439902266e-08
0.1255,6.213882833318996e-08
0.12575,6.485843181939019e-08
0.126,6.721954139530888e-08
0.12625,6.93111016653636e-08
0.1265,7.087514312638778e-08
0.12675,7.224994475664582e-08
0.127,7.316686722044567e-08
0.12725,7.358264865985152e-08
0.1275,7.360636343182172e-08
0.12775,7.308394556141519e-08
0.128,7.221281373979668e-08
0.12825,7.073120589558246e-08
0.1285,6.881303630211105e-08
0.12875,6.664226687177489e-08
0.129,6.40742605719703e-08
0.12925,6.11667481073495e-08
0.1295,5.819215788377641e-08
0.12975,5.478377175093822e-08
0.13,5.1418743581860826e-08
0.13025,4.7876827118881935e-08
0.1305,4.435298615613762e-08
0.13075,4.066959476305709e-08
0.131,3.720054789173915e-08
0.13125,3.364551040306373e-08
0.1315,3.017858455266896e-08
0.13175,2.6819232927934147e-08
0.132,2.368879642498487e-08
0.13225,2.0791321766274054e-08
0.1325,1.7920428744041416e-08
0.13275,1.5395965888962706e-08
0.133,1.3112067901890944e-08
0.13325,1.1027941494190873e-08
0.1335,9.125847520210915e-09
0.13375,7.44520685897318e-09
0.134,5.9513167496587564e-09
0.13425,4.626470161319132e-09
0.1345,3.4694174371441754e-09
0.13475,2.4772535003724217e-09
0.135,1.6184699612401794e-09
0.13525,9.034950917281139e-10
0.1355,3.0175716369401477e-10
0.13575,-1.8548875872398333e-10
0.136,-5.796039475529131e-10
0.13625,-8.847247208243156e-10
0.1365,-1.1216659234794154e-09
0.13675,-1.296399243158461e-09
0.137,-1.4309089300266116e-09
0.13725,-1.5242055945676937e-09
0.1375,-1.5867981700841558e-09
0.13775,-1.6233403397825648e-09
0.138,-1.617424773479187e-09
0.13825,-1.5981344411085505e-09
0.1385,-1.5453069454784808e-09
0.13875,-1.4733976565264988e-09
0.139,-1.3542385323613588e-09
0.13925,-1.1927296744925917e-09
0.1395,-9.64073895538244e-10
0.13975,-6.624387169483009e-10
0.14,-2.5444394745717925e-10
0.14025,2.701858165645235e-10
0.1405,9.528094329308129e-10
0.14075,1.8087531245866117e-09
0.141,2.8874360805907803e-09
0.14125,4.19024534028509e-09
0.1415,5.8221016420041935e-09
0.14175,7.850105214099394e-09
0.142,1.0319943748847387e-08
0.14225,1.3087704260626806e-08
0.1425,1.6147116765007037e-08
0.14275,1.9351637784993475e-08
0.143,2.2603407201210084e-08
0.14325,2.5946713996998197e-08
0.1435,2.915007388509023e-08
0.14375,3.2319054509315694e-08
0.144,3.5168147228322004e-08
0.14425,3.786278040252097e-08
0.1445,4.002526119331509e-08
0.14475,4.17774243874121e-08
0.145,4.302098026395623e-08
0.14525,4.3627589204495694e-08
0.1455,4.344709627349498e-08
0.14575,4.250771266329166e-08
0.146,4.082581414933543e-08
0.14625,3.854373798807913e-08
0.1465,3.5690090571204403e-08
0.14675,3.257432128835268e-08
0.147,2.915215127682001e-08
0.14725,2.5608013294584216e-08
0.1475,2.193183575432979e-08
0.14775,1.847652345730624e-08
0.148,1.51318870019487e-08
0.14825,1.20448606942284e-08
0.1485,9.311991699596038e-09
0.14875,7.1016479624603435e-09
0.149,5.108090732985287e-09
0.14925,3.2276046965353418e-09
0.1495,1.1537924317574245e-09
0.14975,-1.1936158639988786e-09
0.15,-4.0333411885082536e-09
0.15025,-7.400533112922939e-09
0.1505,-1.1506714719685216e-08
0.15075,-1.633714165130941e-08
0.151,-2.2044904295962787e-08
0.15125,-2.761615877666423e-08
0.1515,-3.0593478766983306e-08
0.15175,-2.837307474521946e-08
0.152,-1.9134458073593907e-08
0.15225,-2.082020986063229e-09
0.1525,2.3297048615310437e-08
0.15275,5.664372040195465e-08
0.153,9.625185711348713e-08
0.15325,1.3459488856939017e-07
0.1535,1.6314524310437844e-07
0.15375,1.776461001279125e-07
0.154,1.7262280730152463e-07
0.15425,1.4872292831223615e-07
0.1545,1.1215366962204853e-07
0.15475,6.995142983432372e-08
0.155,2.970585531387147e-08
0.15525,-3.746838633371416e-09
0.1555,-2.785905396980057e-08
0.15575,-4.1677336761219706e-08
0.156,-4.581028838557468e-08
0.15625,-4.347389440422208e-08
0.1565,-3.714787998142471e-08
0.15675,-2.9006705167855445e-08
0.157,-2.099421112577838e-08
0.15725,-1.3839510780883308e-08
0.1575,-8.748201140544166e-09
0.15775,-5.362086858869602e-09
0.158,-3.2483254730063887e-09
0.15825,-1.7883433067028172e-09
0.1585,-7.354974224220983e-10
0.15875,2.9199202811908924e-10
0.159,1.3751624827734844e-09
0.15925,2.6899285960889015e-09
0.1595,4.1472892791153135e-09
0.15975,5.79476395818876e-09
0.16,7.561299330091241e-09
0.16025,9.60134187028047e-09
0.1605,1.1767129787524673e-08
0.16075,1.4233165551395745e-08
0.161,1.683520200332855e-08
0.16125,1.9529401543524278e-08
0.1615,2.2640854308716276e-08
0.16175,2.568988089756019e-08
0.162,2.8974633187987417e-08
0.16225,3.2326150794484554e-08
0.1625,3.572542609918333e-08
0.16275,3.926156190875685e-08
0.163,4.275082165922597e-08
0.16325,4.606233940297111e-08
0.1635,4.9269818370132916e-08
0.16375,5.24433371372948e-08
0.164,5.5238202535613806e-08
0.16425,5.781093882888974e-08
0.1645,6.016229106043788e-08
0.16475,6.203771008021893e-08
0.165,6.367207258068803e-08
0.16525,6.490021702474588e-08
0.1655,6.552842314636436e-08
0.16575,6.572010211700549e-08
0.166,6.545322191782647e-08
0.16625,6.469065938096166e-08
0.1665,6.334412453444098e-08
0.16675,6.176727398330728e-08
0.167,5.98050957134089e-08
0.16725,5.7422279064542596e-08
0.1675,5.474429755785777e-08
0.16775,5.1774578391595014e-08
0.168,4.87025917459734e-08
0.16825,4.539846755734946e-08
0.1685,4.186549445832685e-08
0.16875,3.832465767943875e-08
0.169,3.4634468467254616e-08
0.16925,3.0966138614998434e-08
0.1695,2.7328793972550213e-08
0.16975,2.3820807098605726e-08
0.17,2.0355478077362073e-08
0.17025,1.7193854476565847e-08
0.1705,1.401439677804773e-08
0.17075,1.1218560530491045e-08
0.171,8.544488194327939e-09
0.17125,6.160466174930313e-09
0.1715,3.920687523894667e-09
0.17175,1.940232986520291e-09
0.172,1.090513064707213e-10
0.17225,-1.4811071053570716e-09
0.1725,-2.930558523496493e-09
0.17275,-4.164158299546204e-09
0.173,-5.291012380928919e-09
0.17325,-6.20038600654948e-09
0.1735,-7.015735388048015e-09
0.17375,-7.658832503687942e-09
0.174,-8.216826499736216e-09
0.17425,-8.645779384146605e-09
0.1745,-9.025728423174582e-09
0.17475,-9.291941782932315e-09
0.175,-9.54717702404316e-09
0.17525,-9.728258591827197e-09
0.1755,-9.884044107765228e-09
0.17575,-9.963689730711043e-09
0.176,-1.0050293939157155e-08
0.17625,-1.0070803380928577e-08
0.1765,-1.0118483328798669e-08
0.17675,-1.0104200794384423e-08
0.177,-1.0080719112409715e-08
0.17725,-9.995779010652698e-09
0.1775,-9.904654034644406e-09
0.17775,-9.697969371872943e-09
0.178,-9.468375909094335e-09
0.17825,-9.095054815623757e-09
0.1785,-8.632488205255437e-09
0.17875,-7.970458592688715e-09
0.179,-7.1720001542267925e-09
0.17925,-6.1081707613688215e-09
0.1795,-4.819057924681059e-09
0.17975,-3.089118333018446e-09
0.18,-1.0242775400421e-09
0.18025,1.4260293965533676e-09
0.1805,4.105079221876363e-09
0.18075,7.0470686191788985e-09
0.181,1.0124734081854995e-08
0.18125,1.3320559342709073e-08
0.1815,1.6486840995712703e-08
0.18175,1.9703805527338575e-08
0.182,2.2674110444487653e-08
0.18225,2.5584509498957347e-08
0.1825,2.8203566868961237e-08
0.18275,3.0379338203623066e-08
0.183,3.207316481281737e-08
0.18325,3.3284819471052944e-08
0.1835,3.36556889989635e-08
0.18375,3.3523783488648314e-08
0.184,3.2428203337464795e-08
0.18425,3.0604604862710364e-08
0.1845,2.806674090023789e-08
0.18475,2.5137192094996436e-08
0.185,2.1934328288342646e-08
0.18525,1.8388823491374626e-08
0.1855,1.4858317973815904e-08
0.18575,1.1292809719984516e-08
0.186,7.818560359885773e-09
0.18625,4.54627053372992e-09
0.1865,1.4827793726266765e-09
0.18675,-1.244984472935919e-09
0.187,-3.6408195474022725e-09
0.18725,-5.571547972575327e-09
0.1875,-7.43324434448473e-09
0.18775,-9.299700334146902e-09
0.188,-1.1582107625909535e-08
0.18825,-1.4270667683607485e-08
0.1885,-1.7817747268027856e-08
0.18875,-2.2112773588251866e-08
0.189,-2.7669662923384273e-08
0.18925,-3.4340222249548605e-08
0.1895,-3.964400863049256e-08
0.18975,-4.088236421716184e-08
0.19,-3.584095950405683e-08
0.19025,-2.3449496327585102e-08
0.1905,-3.009396831331052e-09
0.19075,2.525688610592746e-08
0.191,6.05898130398749e-08
0.19125,1.0047930230586396e-07
0.1915,1.362008237343237e-07
0.19175,1.5993369367892892e-07
0.192,1.6637572081872558e-07
0.19225,1.530552240017983e-07
0.1925,1.23501500744097e-07
0.19275,8.33246596817436e-08
0.193,4.156886707329943e-08
0.19325,3.770732957508159e-09
0.1935,-2.5822950765915378e-08
0.19375,-4.552027201614541e-08
0.194,-5.5158334213878027e-08
0.19425,-5.7015407989483976e-08
0.1945,-5.2712571803792044e-08
0.19475,-4.472987351594994e-08
0.195,-3.558257296455579e-08
0.19525,-2.758941709582538e-08
0.1955,-2.1559973862437407e-08
0.19575,-1.7186511579986428e-08
0.196,-1.4356798414846531e-08
0.19625,-1.2511632937894843e-08
0.1965,-1.1279724568098947e-08
0.19675,-1.0124821262554024e-08
0.197,-8.962651028947325e-09
0.19725,-7.71669634644008e-09
0.1975,-6.349136434633525e-09
0.19775,-4.8024009018384885e-09
0.198,-3.0640068053454995e-09
0.19825,-1.1156120557656297e-09
0.1985,1.019858429070459e-09
0.19875,3.364486775128759e-09
0.199,5.897448693623823e-09
0.19925,8.635795907273847e-09
0.1995,1.1525717935146161e-08
0.19975,1.4614401599452129e-08
0.2,1.783759603544201e-08
0.20025,2.12459594249197e-08
0.2005,2.4566082514853505e-08
0.20075,2.8000405843111502e-08
0.201,3.1511246465466484e-08
0.20125,3.502579042224492e-08
0.2015,3.8284323976920964e-08
0.20175,4.154963652302581e-08
0.202,4.460507715715403e-08
0.20225,4.733527246121969e-08
0.2025,5.000406126821738e-08
0.20275,5.212261366403438e-08
0.203,5.384687947083661e-08
0.20325,5.5304264596677095e-08
0.2035,5.634623668264273e-08
0.20375,5.6794222534558255e-08
0.204,5.6800303567240044e-08
0.20425,5.636143599308052e-08
0.2045,5.542060555168095e-08
0.20475,5.4125570951641906e-08
0.205,5.239451400152463e-08
0.20525,5.016981831872555e-08
0.2055,4.7777898331274467e-08
0.20575,4.4879734899374544e-08
0.206,4.1772467013682545e-08
0.20625,3.852613422650066e-08
0.2065,3.505365039808755e-08
0.20675,3.1391899317585235e-08
0.207,2.7886484790817102e-08
0.20725,2.4152787586213864e-08
0.2075,2.0556250323282452e-08
0.20775,1.7060987941047118e-08
0.208,1.3694593125430274e-08
0.20825,1.040905994366503e-08
0.2085,7.330747688273691e-09
0.20875,4.395071221673975e-09
0.209,1.6979002098758232e-09
0.20925,-7.928440945056153e-10
0.2095,-3.027633617677343e-09
0.20975,-5.064237265333994e-09
0.21,-6.883975994801317e-09
0.21025,-8.506401750177887e-09
0.2105,-9.942397755079767e-09
0.21075,-1.1200198641838436e-08
0.211,-1.2296151822863901e-08
0.21125,-1.323697324959355e-08
0.2115,-1.4036956310986927e-08
0.21175,-1.4710921674779718e-08
0.212,-1.5279026037422067e-08
0.21225,-1.5705142967338704e-08
0.2125,-1.5987971744477822e-08
0.21275,-1.6308138484139016e-08
0.213,-1.6582223248989836e-08
0.21325,-1.6657412006495913e-08
0.2135,-1.669454747270484e-08
0.21375,-1.6842720579300524e-08
0.214,-1.678657066933836e-08
0.21425,-1.683879232306098e-08
0.2145,-1.6751945865526653e-08
0.21475,-1.6652072979306534e-08
0.215,-1.6628650426955838e-08
0.21525,-1.6441617294042925e-08
0.2155,-1.6312064252083243e-08
0.21575,-1.6117590668838733e-08
0.216,-1.5747341200796262e-08
0.21625,-1.528472901901495e-08
0.2165,-1.4814559675854609e-08
0.21675,-1.4130930708379884e-08
0.217,-1.3325408111308422e-08
0.21725,-1.2293206159567361e-08
0.2175,-1.1065052999440583e-08
0.21775,-9.556084607261806e-09
0.218,-7.7826881961867e-09
0.21825,-5.6481254726264774e-09
0.2185,-3.155455818701977e-09
0.21875,-2.748828975494194e-10
0.219,2.854599597321232e-09
0.21925,6.2095349412330184e-09
0.2195,9.629227534703328e-09
0.21975,1.3088239573510558e-08
0.22,1.6400211981999447e-08
0.22025,1.9566504026795113e-08
0.2205,2.2548968944209598e-08
0.22075,2.5104413573614534e-08
0.221,2.709912919081932e-08
0.22125,2.8770087721797257e-08
0.2215,2.9497614369029984e-08
0.22175,2.961832288344946e-08
0.222,2.877684262090524e-08
0.22225,2.7215387613691176e-08
0.2225,2.4955827973868792e-08
0.22275,2.2277905808392683e-08
0.223,1.9173443876149352e-08
0.22325,1.5802032849783596e-08
0.2235,1.2431432421898008e-08
0.22375,8.952687381519326e-09
0.224,5.533312298053169e-09
0.22425,2.2503079246807526e-09
0.2245,-8.525907604717392e-10
0.22475,-3.679098288022808e-09
0.225,-6.2489034376647056e-09
0.22525,-8.42759074285425e-09
0.2255,-1.035934493664968e-08
0.22575,-1.2052399819581697e-08
0.226,-1.393167159152967e-08
0.22625,-1.613095332486492e-08
0.2265,-1.9230328219901224e-08
0.22675,-2.296683808161178e-08
0.227,-2.819238264817482e-08
0.22725,-3.415502313827656e-08
0.2275,-3.924782310480842e-08
0.22775,-4.1999508062744363e-08
0.228,-4.067682910848322e-08
0.22825,-3.310352547111966e-08
0.2285,-1.732568394385497e-08
0.22875,7.838096204461273e-09
0.229,4.077757849589525e-08
0.22925,7.870764167826424e-08
0.2295,1.1612286189335421e-07
0.22975,1.4763476191403444e-07
0.23,1.6363413872224392e-07
0.23025,1.576412125411259e-07
0.2305,1.3503190554452703e-07
0.23075,9.983154945203288e-08
0.231,5.882506993573102e-08
0.23125,1.771842398479556e-08
0.2315,-1.6114778407633522e-08
0.23175,-4.0382503032369e-08
0.232,-5.491015616884284e-08
0.23225,-6.050278857337764e-08
0.2325,-5.844985326661456e-08
0.23275,-5.174823978326818e-08
0.233,-4.2819310638975775e-08
0.23325,-3.436104124720036e-08
0.2335,-2.7198001089057388e-08
0.23375,-2.177665275362633e-08
0.234,-1.811133360489168e-08
0.23425,-1.6038103194873863e-08
0.2345,-1.4589326525170673e-08
0.23475,-1.3385991460484726e-08
0.235,-1.22465872581686e-08
0.23525,-1.1120934790712006e-08
0.2355,-9.833575091858294e-09
0.23575,-8.41583498474036e-09
0.236,-6.7577961180245596e-09
0.23625,-4.959702274604608e-09
0.2365,-2.940746743555904e-09
0.23675,-7.662565611217692e-10
0.237,1.6323776261994985e-09
0.23725,4.197488043709376e-09
0.2375,6.986516293466989e-09
0.23775,9.906010699095896e-09
0.238,1.3020239278224674e-08
0.23825,1.6235835588743218e-08
0.2385,1.960206670186907e-08
0.23875,2.2947520139248392e-08
0.239,2.6328649574929887e-08
0.23925,2.9675598774276005e-08
0.2395,3.305583101410044e-08
0.23975,3.638216923761412e-08
0.24,3.947959086250979e-08
0.24025,4.2320285299218147e-08
0.2405,4.4936625000781855e-08
0.24075,4.71097565809617e-08
0.241,4.9175265454417536e-08
0.24125,5.05996391927287e-08
0.2415,5.1765460349022694e-08
0.24175,5.246892328776386e-08
0.242,5.2813795179007016e-08
0.24225,5.2531791617630934e-08
0.2425,5.181932191204067e-08
0.24275,5.071649617724782e-08
0.243,4.92001818703675e-08
0.24325,4.713270663311183e-08
0.2435,4.480860957521503e-08
0.24375,4.217921432013293e-08
0.244,3.920543125351835e-08
0.24425,3.602925932084136e-08
0.2445,3.2641598793005076e-08
0.24475,2.9237927830382427e-08
0.245,2.5703373281654855e-08
0.24525,2.2146516777404186e-08
0.2455,1.8480443824668726e-08
0.24575,1.5049324586286287e-08
0.246,1.1636096460291178e-08
0.24625,8.350061225616925e-09
0.2465,5.1918246500642444e-09
0.24675,2.253498099227875e-09
0.247,-4.935586220606521e-10
0.24725,-2.986521641999002e-09
0.2475,-5.301845149546099e-09
0.24775,-7.353808123961293e-09
0.248,-9.236785188107879e-09
0.24825,-1.0878414778459507e-08
0.2485,-1.2351809121260637e-08
0.24875,-1.360466311371826e-08
0.249,-1.4724327837038926e-08
0.24925,-1.558098439755026e-08
0.2495,-1.6364563892967125e-08
0.24975,-1.7019416171465318e-08
0.25,-1.7439051601238426e-08
0.25025,-1.788321188330704e-08
0.2505,-1.8094945873158262e-08
0.25075,-1.8246724004581313e-08
0.251,-1.8403057571867698e-08
0.25125,-1.851616691498362e-08
0.2515,-1.847219583829027e-08
0.25175,-1.8517513762825876e-08
0.252,-1.8426882752148484e-08
0.25225,-1.8329335346164885e-08
0.2525,-1.8306562387318467e-08
0.25275,-1.8107934734956543e-08
0.253,-1.7988692008206744e-08
0.25325,-1.7803703749636827e-08
0.2535,-1.7689566638609323e-08
0.25375,-1.7456431248905035e-08
0.254,-1.7158458666181117e-08
0.25425,-1.679454869991814e-08
0.2545,-1.6321142500181015e-08
0.25475,-1.5836691178651212e-08
0.255,-1.511309857253633e-08
0.25525,-1.4172129508367067e-08
0.2555,-1.307529298757466e-08
0.25575,-1.1660915024188573e-08
0.256,-9.880700128243473e-09
0.25625,-7.735668731416577e-09
0.2565,-5.302224161692635e-09
0.25675,-2.5695468182177264e-09
0.257,3.636574989218283e-10
0.25725,3.4943742107849507e-09
0.2575,6.7161871230000204e-09
0.25775,1.0040714843216935e-08
0.258,1.3301054531730897e-08
0.25825,1.6529410210156584e-08
0.2585,1.9510999730596597e-08
0.25875,2.2414707068919986e-08
0.259,2.4918858578847854e-08
0.25925,2.69176145296041e-08
0.2595,2.8554942838468916e-08
0.25975,2.947235756072538e-08
0.26,2.9605801351812878e-08
0.26025,2.9021787313231356e-08
0.2605,2.7547991477619658e-08
0.26075,2.5340074319926043e-08
0.261,2.26966879867376e-08
0.26125,1.970829914567197e-08
0.2615,1.6532251344843073e-08
0.26175,1.3081045392374299e-08
0.262,9.751370518575647e-09
0.26225,6.431930928842099e-09
0.2625,3.315183885826513e-09
0.26275,3.806203783424573e-10
0.263,-2.2884821233399323e-09
0.26325,-4.668063255357926e-09
0.2635,-6.72736094654458e-09
0.26375,-8.473103565888957e-09
0.264,-1.0032342304951988e-08
0.26425,-1.1823797922160388e-08
0.2645,-1.4165671993467424e-08
0.26475,-1.729780558747446e-08
0.265,-2.1351029883987532e-08
0.26525,-2.6353023306568628e-08
0.2655,-3.2363354118714265e-08
0.26575,-3.780340248384833e-08
0.266,-4.05927868888585e-08
0.26625,-3.8347003212700174e-08
0.2665,-2.962069342634986e-08
0.26675,-1.3182513382911406e-08
0.267,1.1862030599562625e-08
0.26725,4.6383417354573884e-08
0.2675,8.777042274030494e-08
0.26775,1.2544367715989056e-07
0.268,1.5300705584311966e-07
0.26825,1.6472450815695862e-07
0.2685,1.5919163608365913e-07
0.26875,1.3669615014057857e-07
0.269,1.000248585179829e-07
0.26925,5.825515321919472e-08
0.2695,1.787152826131734e-08
0.26975,-1.6121840946616605e-08
0.27,-4.086738194487881e-08
0.27025,-5.5163484645269704e-08
0.2705,-5.980131405195469e-08
0.27075,-5.742091709843625e-08
0.271,-5.050755712216577e-08
0.27125,-4.1665370690344003e-08
0.2715,-3.269542442998403e-08
0.27175,-2.544274675547892e-08
0.272,-2.0155737570213035e-08
0.27225,-1.680975562247522e-08
0.2725,-1.4549915987856439e-08
0.27275,-1.2873783990655404e-08
0.273,-1.1544011706971436e-08
0.27325,-1.0343754092496963e-08
0.2735,-9.096077207161249e-09
0.27375,-7.717405526074739e-09
0.274,-6.119707538256621e-09
0.27425,-4.330207706502379e-09
0.2745,-2.3609405320240204e-09
0.27475,-2.3391039732086446e-10
0.275,2.122804129353908e-09
0.27525,4.657174480795749e-09
0.2755,7.395962511902042e-09
0.27575,1.0336031304891583e-08
0.276,1.3419142664775417e-08
0.27625,1.670194575436704e-08
0.2765,2.0108026172350067e-08
0.27675,2.3487699929258183e-08
0.277,2.71204697714054e-08
0.27725,3.0728238605105884e-08
0.2775,3.4222466277787496e-08
0.27775,3.77551362715054e-08
0.278,4.122585886247069e-08
0.27825,4.446516014648161e-08
0.2785,4.742395890703679e-08
0.27875,5.0262615492181416e-08
0.279,5.260969988842845e-08
0.27925,5.470916629249416e-08
0.2795,5.645474899792809e-08
0.27975,5.765190162642686e-08
0.28,5.856718015308833e-08
0.28025,5.8952519237920266e-08
0.2805,5.891620270492574e-08
0.28075,5.84141142493354e-08
0.281,5.738528052443314e-08
0.28125,5.583245914007035e-08
0.2815,5.3997156838467585e-08
0.28175,5.165149692732606e-08
0.282,4.917941044472242e-08
0.28225,4.638582487099297e-08
0.2825,4.319497079362785e-08
0.28275,4.0027098842220506e-08
0.283,3.666709215100225e-08
0.28325,3.3180318519789245e-08
0.2835,2.9807652953851325e-08
0.28375,2.6232278224056436e-08
0.284,2.2750737883189047e-08
0.28425,1.9249351666461704e-08
0.2845,1.5986264147420423e-08
0.28475,1.2766174905255556e-08
0.285,9.803880946638797e-09
0.28525,6.9941382622764785e-09
0.2855,4.4629867453472496e-09
0.28575,2.1091178145115616e-09
0.286,3.3871431160591934e-11
0.28625,-1.883639964795083e-09
0.2865,-3.5444288667534845e-09
0.28675,-5.0588595897013225e-09
0.287,-6.345281578377678e-09
0.28725,-7.496324221112355e-09
0.2875,-8.445724567487317e-09
0.28775,-9.283484794468354e-09
0.288,-9.933980152228882e-09
0.28825,-1.048661862379799e-08
0.2885,-1.0878262974739844e-08
0.28875,-1.122287134679441e-08
0.289,-1.1412543602002447e-08
0.28925,-1.1576075088522091e-08
0.2895,-1.162574671516882e-08
0.28975,-1.1657554562096799e-08
0.29,-1.1626613231868613e-08
0.29025,-1.1599167998696622e-08
0.2905,-1.151155104668364e-08
0.29075,-1.1443112005193058e-08
0.291,-1.1300551649351186e-08
0.29125,-1.1174731613239675e-08
0.2915,-1.0992412647615118e-08
0.29175,-1.0806382313057063e-08
0.292,-1.0540122212915623e-08
0.29225,-1.0249817990657254e-08
0.2925,-9.851922488516951e-09
0.29275,-9.410395694377782e-09
0.293,-8.800875703120462e-09
0.29325,-8.121907366984259e-09
0.2935,-7.2180627397851e-09
0.29375,-6.177213673197586e-09
0.294,-4.8731569270457575e-09
0.29425,-3.372583844576976e-09
0.2945,-1.5228471673005295e-09
0.29475,6.061862110490714e-10
0.295,3.1288732878475563e-09
0.29525,5.906257297823346e-09
0.2955,9.044518128450936e-09
0.29575,1.2302407750839512e-08
0.296,1.5843819825598108e-08
0.29625,1.9331281626312086e-08
0.2965,2.2914887028494318e-08
0.29675,2.625754549923783e-08
0.297,2.944178357517205e-08
0.29725,3.22293437148031e-08
0.2975,3.446043376030499e-08
0.29775,3.6132961694544115e-08
0.298,3.697577296514333e-08
0.29825,3.7138086637141563e-08
0.2985,3.667407421135679e-08
0.29875,3.534108125864343e-08
0.299,3.346048874286958e-08
0.29925,3.101577700136914e-08
0.2995,2.8101108152079395e-08
0.29975,2.4889089199001392e-08
0.3,2.1453780982265973e-08
0.30025,1.783196557169518e-08
0.3005,1.4265845332620151e-08
0.30075,1.0987673510193306e-08
0.301,7.859178065618357e-09
0.30125,5.098017195353561e-09
0.3015,2.6528068846908505e-09
0.30175,5.65310436855361e-10
0.302,-1.3049273144664998e-09
0.30225,-3.0117188572927718e-09
0.3025,-4.750556324972236e-09
0.30275,-6.678301318918801e-09
0.303,-9.149572612165602e-09
0.30325,-1.2749888375275587e-08
0.3035,-1.7565240640111218e-08
0.30375,-2.3243926455140888e-08
0.304,-2.8834505627516343e-08
0.30425,-3.2682690599408506e-08
0.3045,-3.316835643852798e-08
0.30475,-2.7884789274848325e-08
0.305,-1.4250848038865118e-08
0.30525,8.251067015467648e-09
0.3055,3.9318861975449516e-08
0.30575,7.627470859730253e-08
0.306,1.1579186344753718e-07
0.30625,1.504280023509774e-07
0.3065,1.716916090207975e-07
0.30675,1.746217345202893e-07
0.307,1.5769852738264268e-07
0.30725,1.2537857271630184e-07
0.3075,8.445334621293983e-08
0.30775,4.28131979959735e-08
0.308,6.212565431858353e-09
0.30825,-2.1695630761491185e-08
0.3085,-3.954816598928851e-08
0.30875,-4.7001490904065643e-08
0.309,-4.661240336368257e-08
0.30925,-4.1609397319976526e-08
0.3095,-3.4065710786571566e-08
0.30975,-2.5790613440300532e-08
0.31,-1.8183048969843967e-08
0.31025,-1.2161873964589058e-08
0.3105,-7.876739574339431e-09
0.31075,-5.113892825304995e-09
0.311,-3.1968662812314704e-09
0.31125,-1.7894061849456706e-09
0.3115,-6.015381639895302e-10
0.31175,5.422099699482795e-10
0.312,1.8158079192154872e-09
0.31225,3.2812309476556313e-09
0.3125,4.9859474258408714e-09
0.31275,6.873078079682105e-09
0.313,8.925448499029394e-09
0.31325,1.1162013978210715e-08
0.3135,1.3592107499268011e-08
0.31375,1.6266525163939187e-08
0.314,1.9150901738738285e-08
0.31425,2.2101801892415498e-08
0.3145,2.525967214914359e-08
0.31475,2.8518850260567012e-08
0.315,3.199374419333773e-08
0.31525,3.549166627458434e-08
0.3155,3.909396210089912e-08
0.31575,4.272104704190774e-08
0.316,4.6186249943745115e-08
0.31625,4.975844937759971e-08
0.3165,5.31186142125489e-08
0.31675,5.625017275742771e-08
0.317,5.917398799229861e-08
0.31725,6.177655156442539e-08
0.3175,6.40094903509773e-08
0.31775,6.581208180914777e-08
0.318,6.73661551191556e-08
0.31825,6.853449956794368e-08
0.3185,6.914225877517593e-08
0.31875,6.926301160074276e-08
0.319,6.903067742705232e-08
0.31925,6.809419675132917e-08
0.3195,6.694524554691165e-08
0.31975,6.52283121095387e-08
0.32,6.308508237623143e-08
0.32025,6.061252875207195e-08
0.3205,5.795244563275998e-08
0.32075,5.504009012537137e-08
0.321,5.190054209483972e-08
0.32125,4.8595826134831894e-08
0.3215,4.523681882681783e-08
0.32175,4.180211922771698e-08
0.322,3.826541304891036e-08
0.32225,3.475154239456603e-08
0.3225,3.128508445768464e-08
0.32275,2.802288661415298e-08
0.323,2.4817836491354262e-08
0.32325,2.1644626102221742e-08
0.3235,1.875583096456836e-08
0.32375,1.6079776500264488e-08
0.324,1.3573871987934568e-08
0.32425,1.1329317209204563e-08
0.3245,9.303070729939198e-09
0.32475,7.492280711144332e-09
0.325,5.8600738875333315e-09
0.32525,4.4300307361872605e-09
0.3255,3.17557720324968e-09
0.32575,2.099079059391465e-09
0.326,1.1575033871290269e-09
0.32625,3.6405541293975007e-10
0.3265,-2.956492020186273e-10
0.32675,-8.32580053241397e-10
0.327,-1.2604943058162508e-09
0.32725,-1.585353643103385e-09
0.3275,-1.8294486324583345e-09
0.32775,-2.0007821188046112e-09
0.328,-2.086721524425975e-09
0.32825,-2.157346218749793e-09
0.3285,-2.1654355460908757e-09
0.32875,-2.141696266851536e-09
0.329,-2.10144209966053e-09
0.32925,-2.0468309580227366e-09
0.3295,-1.9408347706519045e-09
0.32975,-1.8130553070963857e-09
0.33,-1.6538212257920548e-09
0.33025,-1.4419852698729725e-09
0.3305,-1.1665259164644925e-09
0.33075,-8.310312760366471e-10
0.331,-3.952474113214543e-10
0.33125,1.3475155861321117e-10
0.3315,8.085167266325805e-10
0.33175,1.61839760779713e-09
0.332,2.62791525832014e-09
0.33225,3.8283752903404885e-09
0.3325,5.280838823668553e-09
0.33275,6.999043292888476e-09
0.333,9.061090020486575e-09
0.33325,1.1413224232818162e-08
0.3335,1.4174996026703483e-08
0.33375,1.7154358154605206e-08
0.334,2.0367541476535224e-08
0.33425,2.38291036546549e-08
0.3345,2.742989891909984e-08
0.33475,3.1069616667235536e-08
0.335,3.446288844601704e-08
0.33525,3.780681614529022e-08
0.3355,4.0714544028068804e-08
0.33575,4.3050474542415955e-08
0.336,4.49096161236513e-08
0.33625,4.608772302998439e-08
0.3365,4.667277516438625e-08
0.33675,4.628249471309617e-08
0.337,4.527287999085224e-08
0.33725,4.367909190265838e-08
0.3375,4.132657312931979e-08
0.33775,3.847096683066566e-08
0.338,3.529532734061887e-08
0.33825,3.197710721168319e-08
0.3385,2.8282376312384966e-08
0.33875,2.4795583708683498e-08
0.339,2.1439994460194718e-08
0.33925,1.8188580425985773e-08
0.3395,1.534467486234584e-08
0.33975,1.2770229599094004e-08
0.34,1.0480677510413939e-08
0.34025,8.464006440824223e-09
0.3405,6.6540110206603675e-09
0.34075,5.002729600439888e-09
0.341,3.2082772685956914e-09
0.34125,7.690056109807069e-10
0.3415,-2.6042807203712936e-09
0.34175,-7.02110053820692e-09
0.342,-1.2358655606828916e-08
0.34225,-1.8167675392776328e-08
0.3425,-2.291046488390148e-08
0.34275,-2.444213638512176e-08
0.343,-2.09303029799621e-08
0.34325,-1.0599267208687885e-08
0.3435,8.366717322366594e-09
0.34375,3.6684032113894727e-08
0.344,7.247972830652856e-08
0.34425,1.1077103485613757e-07
0.3445,1.465271029629007e-07
0.34475,1.732883722935497e-07
0.345,1.8304696500418293e-07
0.34525,1.7168851385781867e-07
0.3455,1.438412701666146e-07
0.34575,1.0631711737912426e-07
0.346,6.491234169351054e-08
0.34625,2.576474499900359e-08
0.3465,-5.644487046865308e-09
0.34675,-2.6968532607147437e-08
0.347,-3.868236509466222e-08
0.34725,-4.187942257603597e-08
0.3475,-3.832465989464045e-08
0.34775,-3.0659113899863884e-08
0.348,-2.1684500655563255e-08
0.34825,-1.3370939941766781e-08
0.3485,-6.656000827585445e-09
0.34875,-1.7584130818448589e-09
0.349,1.3153764510458766e-09
0.34925,3.2643286333145143e-09
0.3495,4.703675891646472e-09
0.34975,5.918734502729124e-09
0.35,7.0529695124991744e-09
0.35025,8.254475829371389e-09
0.3505,9.619482691824337e-09
0.35075,1.1179225845292062e-08
0.351,1.2892168883741436e-08
0.35125,1.4808415755343256e-08
0.3515,1.6899021324962964e-08
0.35175,1.917924362513208e-08
0.352,2.175957427800493e-08
0.35225,2.4397069788876326e-08
0.3525,2.728458621411416e-08
0.35275,3.020413313434978e-08
0.353,3.350392386369423e-08
0.35325,3.675877887515325e-08
0.3535,4.0116666705433934e-08
0.35375,4.368161321993741e-08
0.354,4.717424674734171e-08
0.35425,5.070458360926507e-08
0.3545,5.417080483514464e-08
0.35475,5.7339960716536355e-08
0.355,6.038966976219706e-08
0.35525,6.33236251258014e-08
0.3555,6.588046781677095e-08
0.35575,6.817049646989836e-08
0.356,7.013946585602032e-08
0.35625,7.174362840371385e-08
0.3565,7.2848199429828e-08
0.35675,7.352116995574675e-08
0.357,7.371438107724786e-08
0.35725,7.347113039910087e-08
0.3575,7.268689627075845e-08
0.35775,7.130591446821734e-08
0.358,6.964335492748239e-08
0.35825,6.751296776712275e-08
0.3585,6.515097504863175e-08
0.35875,6.244152802322128e-08
0.359,5.9496854724120386e-08
0.35925,5.648010269108677e-08
0.3595,5.3122110337294746e-08
0.35975,4.9710352264620815e-08
0.36,4.613682045594214e-08
0.36025,4.266667284124317e-08
0.3605,3.910989898819393e-08
0.36075,3.56266635012931e-08
0.361,3.213204483746504e-08
0.36125,2.8926352515020533e-08
0.3615,2.565560994154267e-08
0.36175,2.2639392469743817e-08
0.362,1.980217817451719e-08
0.36225,1.7237150848867603e-08
0.3625,1.4860884958094351e-08
0.36275,1.2678876859811022e-08
0.363,1.077249061542355e-08
0.36325,9.067411428702595e-09
0.3635,7.54861751110315e-09
0.36375,6.228923176993664e-09
0.364,5.078386419268395e-09
0.36425,4.089014289076842e-09
0.3645,3.2543298469793256e-09
0.36475,2.5440280504767192e-09
0.365,1.9633291800845893e-09
0.36525,1.5136018307517782e-09
0.3655,1.1542104628972136e-09
0.36575,8.912372771753341e-10
0.366,6.97324880099296e-10
0.36625,5.772369365644813e-10
0.3665,5.02879999973933e-10
0.36675,4.758990272667392e-10
0.367,4.740964827343206e-10
0.36725,5.147191540606282e-10
0.3675,5.771294842746568e-10
0.36775,6.716128679068871e-10
0.368,7.859145459412088e-10
0.36825,9.336577034174367e-10
0.3685,1.1114916897818e-09
0.36875,1.336773039895582e-09
0.369,1.6176239410897772e-09
0.36925,1.967820619924426e-09
0.3695,2.40743936098331e-09
0.36975,2.9655295911320275e-09
0.37,3.662641044234526e-09
0.37025,4.5197510672590095e-09
0.3705,5.579312769812113e-09
0.37075,6.8817075317991e-09
0.371,8.446542629259328e-09
0.37125,1.0371479870559102e-08
0.3715,1.2761014917928105e-08
0.37175,1.5425328527472972e-08
0.372,1.850657361866805e-08
0.37225,2.1729960740851462e-08
0.3725,2.5028618906831805e-08
0.37275,2.8326090235395916e-08
0.373,3.158385128162872e-08
0.37325,3.4880779347875994e-08
0.3735,3.765598153309264e-08
0.37375,4.0413583020993e-08
0.374,4.2622521182251765e-08
0.37425,4.443814882240033e-08
0.3745,4.580051873741205e-08
0.37475,4.6423585606880375e-08
0.375,4.634180575101642e-08
0.37525,4.56565347412432e-08
0.3755,4.398614362611409e-08
0.37575,4.1725094536512894e-08
0.376,3.891928333745876e-08
0.37625,3.563343713108221e-08
0.3765,3.2184668946515465e-08
0.37675,2.8570903768670882e-08
0.377,2.4871578655565845e-08
0.37725,2.129324766853688e-08
0.3775,1.7856724313852544e-08
0.37775,1.4631852768009137e-08
0.378,1.1707517518146594e-08
0.37825,9.360590905103889e-09
0.3785,7.456484374340134e-09
0.37875,5.620652293714353e-09
0.379,3.6200738298526636e-09
0.37925,1.2015790973376706e-09
0.3795,-1.7245876085179347e-09
0.37975,-5.298926247923563e-09
0.38,-9.44085431143411e-09
0.38025,-1.427699560150149e-08
0.3805,-1.9465636631280156e-08
0.38075,-2.515092628268337e-08
0.381,-2.9682919792119622e-08
0.38125,-2.92313245831794e-08
0.3815,-2.124129259760318e-08
0.38175,-4.136870785813732e-09
0.382,2.169392947303023e-08
0.38225,5.5057565891907746e-08
0.3825,9.275766467802969e-08
0.38275,1.313172138632916e-07
0.383,1.623758992813917e-07
0.38325,1.797177821342064e-07
0.3835,1.7888045972157942e-07
0.38375,1.5789358008319e-07
0.384,1.2246458526340896e-07
0.38425,8.068708483921036e-08
0.3845,4.0049278721071187e-08
0.38475,5.044325702940286e-09
0.385,-2.103793029963025e-08
0.38525,-3.698621866769583e-08
0.3855,-4.355462406727913e-08
0.38575,-4.227642558205629e-08
0.386,-3.596421659784019e-08
0.38625,-2.7305014918546003e-08
0.3865,-1.842902720825308e-08
0.38675,-1.0972824868727193e-08
0.387,-5.29517584601202e-09
0.38725,-1.4562482422326509e-09
0.3875,1.1470085510903983e-09
0.38775,2.8892278445487727e-09
0.388,4.171332376157634e-09
0.38825,5.192582931357843e-09
0.3885,6.220327436751376e-09
0.38875,7.337638296228195e-09
0.389,8.723490638539697e-09
0.38925,1.028400557464693e-08
0.3895,1.2096321863663322e-08
0.38975,1.3990783473451868e-08
0.39,1.6111255085925848e-08
0.39025,1.8327319930264034e-08
0.3905,2.0817859139943494e-08
0.39075,2.3516040802551687e-08
0.391,2.6367296118504418e-08
0.39125,2.9351206123005978e-08
0.3915,3.253067299907019e-08
0.39175,3.572763949554912e-08
0.392,3.9033716669578016e-08
0.39225,4.241319186419078e-08
0.3925,4.576927079245511e-08
0.39275,4.914104923053169e-08
0.393,5.243466537154027e-08
0.39325,5.5525269396794396e-08
0.3935,5.8526773039523076e-08
0.39375,6.122320013467557e-08
0.394,6.367859168639562e-08
0.39425,6.564162939159504e-08
0.3945,6.741466323299448e-08
0.39475,6.873021961798282e-08
0.395,6.958394111747462e-08
0.39525,7.00839028444488e-08
0.3955,7.018953338295542e-08
0.39575,6.985038090527752e-08
0.396,6.8918337646638e-08
0.39625,6.750501976763094e-08
0.3965,6.555590280715406e-08
0.39675,6.344257983592652e-08
0.397,6.089854624390145e-08
0.39725,5.8175218677716984e-08
0.3975,5.499461866481628e-08
0.39775,5.1836650238233036e-08
0.398,4.840912722224395e-08
0.39825,4.488397194417515e-08
0.3985,4.1354892115168146e-08
0.39875,3.7871106828893614e-08
0.399,3.423293834636559e-08
0.39925,3.064331880836135e-08
0.3995,2.7219358983750542e-08
0.39975,2.397262082034494e-08
0.4,2.0748805223826077e-08
0.40025,1.7698014531176295e-08
0.4005,1.4992979960622068e-08
0.40075,1.247184777415767e-08
0.401,1.016074351132211e-08
0.40125,8.061515488049683e-09
0.4015,6.18017375631022e-09
0.40175,4.49390515475974e-09
0.402,2.994290038016441e-09
0.40225,1.6905777211429913e-09
0.4025,5.395762367721459e-10
0.40275,-4.364264299213253e-10
0.403,-1.2870706245520066e-09
0.40325,-1.974153552240106e-09
0.4035,-2.5619501523677e-09
0.40375,-3.032673188989896e-09
0.404,-3.402561513317824e-09
0.40425,-3.677992595070417e-09
0.4045,-3.881789790969514e-09
0.40475,-4.034519908843996e-09
0.405,-4.144078857649329e-09
0.40525,-4.213047027747081e-09
0.4055,-4.256695600470061e-09
0.40575,-4.2743703558435336e-09
0.406,-4.274291860024773e-09
0.40625,-4.24466762659476e-09
0.4065,-4.1996075979884e-09
0.40675,-4.124122445905191e-09
0.407,-4.025779885345639e-09
0.40725,-3.878219513034018e-09
0.4075,-3.6876931608179883e-09
0.40775,-3.4099899670994165e-09
0.408,-3.0667778909977377e-09
0.40825,-2.5890537779526822e-09
0.4085,-2.00743348137062e-09
0.40875,-1.218768719384067e-09
0.409,-2.638194213315039e-10
0.40925,9.517080945283223e-10
0.4095,2.4028375247652238e-09
0.40975,4.193802666178213e-09
0.41,6.2903867181957025e-09
0.41025,8.740672786349647e-09
0.4105,1.1444751869624544e-08
0.41075,1.4473599294423126e-08
0.411,1.76287431029721e-08
0.41125,2.094792645106168e-08
0.4115,2.44048225256621e-08
0.41175,2.789525956969916e-08
0.412,3.100640267666783e-08
0.41225,3.4025358431816216e-08
0.4125,3.6533664805833285e-08
0.41275,3.8540799584568294e-08
0.413,3.991111457580142e-08
0.41325,4.0469687139601234e-08
0.4135,4.036022405516031e-08
0.41375,3.9690227069976525e-08
0.414,3.8260014553108535e-08
0.41425,3.6188321553440825e-08
0.4145,3.346614286188453e-08
0.41475,3.035580997741738e-08
0.415,2.6922700774281138e-08
0.41525,2.3395999798910514e-08
0.4155,1.979256472149834e-08
0.41575,1.613448926180317e-08
0.416,1.2723954745717583e-08
0.41625,9.56402101971424e-09
0.4165,6.744945437241186e-09
0.41675,4.256313490558517e-09
0.417,2.0828861201677126e-09
0.41725,1.3942551646354703e-10
0.4175,-1.6632894800677239e-09
0.41775,-3.5143291990936834e-09
0.418,-5.5383543856928105e-09
0.41825,-8.17347174505537e-09
0.4185,-1.1998140427794108e-08
0.41875,-1.700168869852685e-08
0.419,-2.277184593995546e-08
0.41925,-2.830476918173182e-08
0.4195,-3.233958403993063e-08
0.41975,-3.2756901064543505e-08
0.42,-2.713029675620651e-08
0.42025,-1.337554385829709e-08
0.4205,9.1078021600993e-09
0.42075,3.9899743633307265e-08
0.421,7.688525716806097e-08
0.42125,1.1661523003866302e-07
0.4215,1.502924701464426e-07
0.42175,1.708528852870993e-07
0.422,1.744707499966771e-07
0.42225,1.5842167830602041e-07
0.4225,1.2636109602505863e-07
0.42275,8.557818629663799e-08
0.423,4.3859111598240823e-08
0.42325,6.685322897746167e-09
0.4235,-2.2384504160961213e-08
0.42375,-4.1381345935340155e-08
0.424,-5.0795411767279125e-08
0.42425,-5.238248985379201e-08
0.4245,-4.8182455095308846e-08
0.42475,-4.033195376661457e-08
0.425,-3.129224521840707e-08
0.42525,-2.324476629137196e-08
0.4255,-1.7050877305765807e-08
0.42575,-1.2754865549188809e-08
0.426,-9.806776205928181e-09
0.42625,-7.972391701108347e-09
0.4265,-6.750204226860132e-09
0.42675,-5.6992061862515285e-09
0.427,-4.605964314864834e-09
0.42725,-3.485153821895937e-09
0.4275,-2.2019447936072317e-09
0.42775,-7.906327187777003e-10
0.428,8.436077107384734e-10
0.42825,2.6348637898488057e-09
0.4285,4.658340338281724e-09
0.42875,6.830020551804795e-09
0.429,9.256011889374768e-09
0.42925,1.1804252034847492e-08
0.4295,1.4649574127383957e-08
0.42975,1.7508379109681825e-08
0.43,2.06359020548428e-08
0.43025,2.385719996508059e-08
0.4305,2.715714723169599e-08
0.43075,3.054762957412096e-08
0.431,3.389453093572262e-08
0.43125,3.726807925401632e-08
0.4315,4.063126482783427e-08
0.43175,4.391428212845974e-08
0.432,4.700867979112587e-08
0.43225,4.990084939370604e-08
0.4325,5.2395876996168855e-08
0.43275,5.47826341181392e-08
0.433,5.6752129571501205e-08
0.43325,5.8399116894878844e-08
0.4335,5.951746390457384e-08
0.43375,6.019466146485539e-08
0.434,6.053843445621582e-08
0.43425,6.034591362462868e-08
0.4345,5.975990299503521e-08
0.43475,5.8651324949296324e-08
0.435,5.715487630488662e-08
0.43525,5.510236119581706e-08
0.4355,5.288607949222047e-08
0.43575,5.028181833612196e-08
0.436,4.731339324452702e-08
0.43625,4.402945482251757e-08
0.4365,4.064582792830339e-08
0.43675,3.7213595370078745e-08
0.437,3.355787309422603e-08
0.43725,2.989804502411326e-08
0.4375,2.6208351607832006e-08
0.43775,2.2646570160708613e-08
0.438,1.9148396751087425e-08
0.43825,1.5633421668029938e-08
0.4385,1.2322568362442356e-08
0.43875,9.189171801726768e-09
0.439,6.231635773831669e-09
0.43925,3.478586575584132e-09
0.4395,9.536701053455092e-10
0.43975,-1.3283547568187237e-09
0.44,-3.4131367046758343e-09
0.44025,-5.291601334906308e-09
0.4405,-6.974562655193941e-09
0.44075,-8.475523715871e-09
0.441,-9.805072743902271e-09
0.44125,-1.096111941126221e-08
0.4415,-1.1977541386733557e-08
0.44175,-1.283689479564434e-08
0.442,-1.3584417858478892e-08
0.44225,-1.4194914341151316e-08
0.4425,-1.4709449167665097e-08
0.44275,-1.5102608899254898e-08
0.443,-1.5490380655723707e-08
0.44325,-1.5714120815967874e-08
0.4435,-1.5829687520011446e-08
0.44375,-1.6025596291041663e-08
0.444,-1.6036458435276536e-08
0.44425,-1.615054005344964e-08
0.4445,-1.622035341313971e-08
0.44475,-1.618469002799386e-08
0.445,-1.621309750191488e-08
0.44525,-1.6184896140363404e-08
0.4455,-1.6221532414163113e-08
0.44575,-1.6093399711158846e-08
0.446,-1.5949750765958997e-08
0.44625,-1.5698021570691042e-08
0.4465,-1.5298950757033745e-08
0.44675,-1.4808162391652674e-08
0.447,-1.4200280072009654e-08
0.44725,-1.3422523688615784e-08
0.4475,-1.2476328802200424e-08
0.44775,-1.1313705155024173e-08
0.448,-9.947468133755767e-09
0.44825,-8.328646021012652e-09
0.4485,-6.442210488335711e-09
0.44875,-4.267128103132178e-09
0.449,-1.7699699914250124e-09
0.44925,1.082773577927966e-09
0.4495,4.2250919534502466e-09
0.44975,7.599388493661668e-09
0.45,1.1073358435477936e-08
0.45025,1.4578943215895162e-08
0.4505,1.7958446938588505e-08
0.45075,2.1255773597351774e-08
0.451,2.4138324624120416e-08
0.45125,2.6675265797377316e-08
0.4515,2.8738059873489715e-08
0.45175,3.0009893599255234e-08
0.452,3.0653869411214636e-08
0.45225,3.058773143657356e-08
0.4525,2.9723844763381458e-08
0.45275,2.8213068398198713e-08
0.453,2.6100526962529434e-08
0.45325,2.3445373805149553e-08
0.4535,2.0500598941680677e-08
0.45375,1.70916111690271e-08
0.454,1.3526396708909364e-08
0.45425,9.927007648868543e-09
0.4545,6.337815873630436e-09
0.45475,2.9411384103402837e-09
0.455,-2.974560832978065e-10
0.45525,-3.1752312686407537e-09
0.4555,-5.730727849727726e-09
0.45575,-7.869284321916731e-09
0.456,-9.784161179688885e-09
0.45625,-1.147126999816772e-08
0.4565,-1.3284841211875073e-08
0.45675,-1.532030473138505e-08
0.457,-1.8161370329832908e-08
0.45725,-2.1808799138881258e-08
0.4575,-2.6710839350154565e-08
0.45775,-3.2315569550075856e-08
0.458,-3.7778416174575604e-08
0.45825,-4.173027508111804e-08
0.4585,-4.224091346661452e-08
0.45875,-3.705360277042951e-08
0.459,-2.477625048718789e-08
0.45925,-3.326018076650376e-09
0.4595,2.7084063134161598e-08
0.45975,6.422644094624708e-08
0.46,1.0370094300336197e-07
0.46025,1.387617629908132e-07
0.4605,1.6165853735011728e-07
0.46075,1.6699881162251765e-07
0.461,1.5325482417978889e-07
0.46125,1.2294402702834247e-07
0.4615,8.247637086692732e-08
0.46175,4.043628846231433e-08
0.462,2.5953394327115133e-09
0.46225,-2.746722888425294e-08
0.4625,-4.7686875118530103e-08
0.46275,-5.801533112982805e-08
0.463,-5.996134965336203e-08
0.46325,-5.559787085488661e-08
0.4635,-4.7771505553283844e-08
0.46375,-3.89422697346732e-08
0.464,-3.06673699746723e-08
0.46425,-2.4340513166574286e-08
0.4645,-1.9767453528048836e-08
0.46475,-1.6697336013394216e-08
0.465,-1.4601136930264137e-08
0.46525,-1.3136238948786898e-08
0.4655,-1.2022313163099126e-08
0.46575,-1.1035006259644233e-08
0.466,-9.982711870869898e-09
0.46625,-8.754321027922866e-09
0.4665,-7.261470396388348e-09
0.46675,-5.5226575634924805e-09
0.467,-3.574554525921048e-09
0.46725,-1.4924663842896885e-09
0.4675,7.605010124719891e-10
0.46775,3.224167753082255e-09
0.468,5.857532350872005e-09
0.46825,8.696688287628682e-09
0.4685,1.1673441779914245e-08
0.46875,1.4888038625289939e-08
0.469,1.8067826758972786e-08
0.46925,2.152531126671622e-08
0.4695,2.4942751232607573e-08
0.46975,2.8392623571613074e-08
0.47,3.184706761692415e-08
0.47025,3.514684946404925e-08
0.4705,3.858122457846188e-08
0.47075,4.1687037018686476e-08
0.471,4.4656226850625524e-08
0.47125,4.732545594581706e-08
0.4715,4.972412621297891e-08
0.47175,5.166539910441756e-08
0.472,5.327678109804537e-08
0.47225,5.448394186716184e-08
0.4725,5.5193929699569956e-08
0.47275,5.559031426782648e-08
0.473,5.5471664228576997e-08
0.47325,5.477183231168883e-08
0.4735,5.382711772165753e-08
0.47375,5.228324437931981e-08
0.474,5.0368217610906934e-08
0.47425,4.8054696024628626e-08
0.4745,4.534487538928853e-08
0.47475,4.24961017791243e-08
0.475,3.936298177998439e-08
0.47525,3.60191965645843e-08
0.4755,3.2563216660465994e-08
0.47575,2.8895416317945942e-08
0.476,2.5349419437293976e-08
0.47625,2.1740836081761136e-08
0.4765,1.8029803556652927e-08
0.47675,1.450100674203211e-08
0.477,1.1061441025455202e-08
0.47725,7.755081106304726e-09
0.4775,4.611203050252965e-09
0.47775,1.6836366294842767e-09
0.478,-1.0345620360102473e-09
0.47825,-3.5256766019393203e-09
0.4785,-5.8202281671528375e-09
0.47875,-7.883698431190006e-09
0.479,-9.749420259812057e-09
0.47925,-1.1402631165120369e-08
0.4795,-1.2901113057725524e-08
0.47975,-1.4170953799976267e-08
0.48,-1.5330098029940885e-08
0.48025,-1.629061565789298e-08
0.4805,-1.709550127392798e-08
0.48075,-1.7742019043838608e-08
0.481,-1.823559167026111e-08
0.48125,-1.868036337003503e-08
0.4815,-1.9059446267313704e-08
0.48175,-1.920943173278329e-08
0.482,-1.9384730421299012e-08
0.48225,-1.950619751021205e-08
0.4825,-1.9705121910113167e-08
0.48275,-1.970189325352305e-08
0.483,-1.974264623280535e-08
0.48325,-1.9578401430720737e-08
0.4835,-1.957788452957329e-08
0.48375,-1.9434121896636185e-08
0.484,-1.941648223226731e-08
0.48425,-1.929468056348586e-08
0.4845,-1.9157386017796044e-08
0.48475,-1.885900853350047e-08
0.485,-1.8695679997719918e-08
0.48525,-1.8312910009765364e-08
0.4855,-1.784258804489111e-08
0.48575,-1.7267506452696965e-08
0.486,-1.667623900885125e-08
0.48625,-1.5720934798569465e-08
0.4865,-1.4616833949746784e-08
0.48675,-1.3357475474189559e-08
0.487,-1.1713241060851827e-08
0.48725,-9.85178478901343e-09
0.4875,-7.607166180372892e-09
0.48775,-5.080117928565944e-09
0.488,-2.2109845886092986e-09
0.48825,8.842519613499059e-10
0.4885,4.238494819832282e-09
0.48875,7.717434173067815e-09
0.489,1.126352541449983e-08
0.48925,1.4776024285484091e-08
0.4895,1.808096236765231e-08
0.48975,2.1048221505557026e-08
0.49,2.3624346114673648e-08
0.49025,2.571382275012471e-08
0.4905,2.7159476810876398e-08
0.49075,2.7752054567897187e-08
0.491,2.7767509649903102e-08
0.49125,2.702205608704998e-08
0.4915,2.5519467320083115e-08
0.49175,2.334189960185222e-08
0.492,2.0689552583207196e-08
0.49225,1.7694212305202112e-08
0.4925,1.4344889642769195e-08
0.49275,1.0796036165629111e-08
0.493,7.259326922143541e-09
0.49325,3.732930938684751e-09
0.4935,4.0942649193006314e-10
0.49375,-2.745174194392061e-09
0.494,-5.562481273634623e-09
0.49425,-8.083487026385594e-09
0.4945,-1.0227617027020718e-08
0.49475,-1.219369310408817e-08
0.495,-1.3966236265130441e-08
0.49525,-1.5914928992992213e-08
0.4955,-1.795291804801833e-08
0.49575,-2.0680265650775684e-08
0.496,-2.4146870251219255e-08
0.49625,-2.8921474577319562e-08
0.4965,-3.544781576450771e-08
0.49675,-4.180509508033618e-08
0.497,-4.566852463248633e-08
0.49725,-4.508383189761534e-08
0.4975,-3.85514052939975e-08
0.49775,-2.5123984919381673e-08
0.498,-3.929003277565217e-09
0.49825,2.514014865179974e-08
0.4985,6.211325155942147e-08
0.49875,1.0186948220703674e-07
0.499,1.364107024890931e-07
0.49925,1.590942503657545e-07
0.4995,1.6494426232032843e-07
0.49975,1.5059271455418298e-07
0.5,1.19974532304183e-07
0.50025,8.03656353499609e-08
0.5005,3.854191281252473e-08
0.50075,7.980906419371958e-10
0.501,-2.8434874324998544e-08
0.50125,-4.782951053846756e-08
0.5015,-5.7688592375684136e-08
0.50175,-5.938521817240034e-08
0.502,-5.463839408201718e-08
0.50225,-4.637646880695855e-08
0.5025,-3.7578594763092166e-08
0.50275,-2.951659404915435e-08
0.503,-2.2987875780203603e-08
0.50325,-1.8461695354326345e-08
0.5035,-1.5545597943909518e-08
0.50375,-1.3736742535676814e-08
0.504,-1.2354401180014254e-08
0.50425,-1.1108805187808605e-08
0.5045,-9.925208714003372e-09
0.50475,-8.639561298990177e-09
0.505,-7.221518146197227e-09
0.50525,-5.599763166079199e-09
0.5055,-3.800109103478725e-09
0.50575,-1.8050145852936932e-09
0.506,3.6125685296518253e-10
0.50625,2.7536856628775342e-09
0.5065,5.321588049438625e-09
0.50675,8.086932455309316e-09
0.507,1.1038848466468217e-08
0.50725,1.4159619821853014e-08
0.5075,1.7480058003491573e-08
0.50775,2.085946056977025e-08
0.508,2.4319191318272358e-08
0.50825,2.787733327036304e-08
0.5085,3.135117125957396e-08
0.50875,3.492063375202348e-08
0.509,3.826694192957752e-08
0.50925,4.168299669354971e-08
0.5095,4.4766675493315084e-08
0.50975,4.7750759031039874e-08
0.51,5.024722398823298e-08
0.51025,5.261694661856916e-08
0.5105,5.439133437877249e-08
0.51075,5.5968670986903866e-08
0.511,5.7009395199139955e-08
0.51125,5.76820070442533e-08
0.5115,5.780742025426113e-08
0.51175,5.7556002250156355e-08
0.512,5.6772653390930395e-08
0.51225,5.5591599253361994e-08
0.5125,5.390807503064893e-08
0.51275,5.177576535625489e-08
0.513,4.943079235156372e-08
0.51325,4.6705644213643455e-08
0.5135,4.373315242916344e-08
0.51375,4.051094072099299e-08
0.514,3.721848284374051e-08
0.51425,3.368325768365824e-08
0.5145,3.0207930337349856e-08
0.51475,2.652796866215143e-08
0.515,2.2999451210765883e-08
0.51525,1.946858822488069e-08
0.5155,1.6082751520655296e-08
0.51575,1.2762146840877409e-08
0.516,9.6030503621328e-09
0.51625,6.654483104563137e-09
0.5165,3.925750715110038e-09
0.51675,1.4103663231492649e-09
0.517,-8.728425915917415e-10
0.51725,-2.9468746478723914e-09
0.5175,-4.813192268499475e-09
0.51775,-6.480809653648893e-09
0.518,-7.94347670499658e-09
0.51825,-9.241004473755794e-09
0.5185,-1.033596600103337e-08
0.51875,-1.1288796583446838e-08
0.519,-1.2074460024736359e-08
0.51925,-1.2733323093726673e-08
0.5195,-1.3241289095368328e-08
0.51975,-1.3646246260000675e-08
0.52,-1.3950501430606811e-08
0.52025,-1.4156136197762437e-08
0.5205,-1.4294850306105377e-08
0.52075,-1.4388979892622958e-08
0.521,-1.4433067858466662e-08
0.52125,-1.4437922818969556e-08
0.5215,-1.4386310944529543e-08
0.52175,-1.432631418772243e-08
0.522,-1.4213614171257294e-08
0.52225,-1.4104459461617093e-08
0.5225,-1.394740029929524e-08
0.52275,-1.3791641372924863e-08
0.523,-1.3579147975908462e-08
0.52325,-1.3335488140406744e-08
0.5235,-1.3019525542464822e-08
0.52375,-1.2644113924874938e-08
0.524,-1.2166419265072624e-08
0.52425,-1.157514401850443e-08
0.5245,-1.0814974171217676e-08
0.52475,-9.897853649474116e-09
0.525,-8.738658047438373e-09
0.52525,-7.356961868193815e-09
0.5255,-5.674697872255678e-09
0.52575,-3.705102306348385e-09
0.526,-1.4013193011787893e-09
0.52625,1.2109735068910701e-09
0.5265,4.137041322309384e-09
0.52675,7.322895911495946e-09
0.527,1.0733527583782759e-08
0.52725,1.4261148399913186e-08
0.5275,1.7875939878395984e-08
0.52775,2.1389262545328392e-08
0.528,2.4818206440658753e-08
0.52825,2.7793018737663334e-08
0.5285,3.034164405018185e-08
0.52875,3.226883927540058e-08
0.529,3.362540292496487e-08
0.52925,3.418989846360758e-08
0.5295,3.4174579723892735e-08
0.52975,3.323542036435253e-08
0.53,3.1785744026928814e-08
0.53025,2.963392064676229e-08
0.5305,2.6921887963256444e-08
0.53075,2.3931038271515028e-08
0.531,2.0602479117077793e-08
0.53125,1.7107007996691282e-08
0.5315,1.3585678233022306e-08
0.53175,1.0211835186607332e-08
0.532,7.0213120324916105e-09
0.53225,4.08828416256102e-09
0.5325,1.433565452812904e-09
0.53275,-9.011604246387627e-10
0.533,-2.844412652948439e-09
0.53325,-4.325158554613528e-09
0.5335,-5.813440783480907e-09
0.53375,-7.751183028625189e-09
0.534,-1.0381136307048706e-08
0.53425,-1.3852799419633179e-08
0.5345,-1.8166406711471295e-08
0.53475,-2.3143212479163768e-08
0.535,-2.8556293153227756e-08
0.53525,-3.420153368261944e-08
0.5355,-3.751053599049125e-08
0.53575,-3.538412452267815e-08
0.536,-2.5864762816535768e-08
0.53625,-7.838139043828621e-09
0.5365,1.856481715437879e-08
0.53675,5.21508707836982e-08
0.537,9.055212322943703e-08
0.53725,1.2891880975621576e-07
0.5375,1.5861334877963256e-07
0.53775,1.7227891854702904e-07
0.538,1.6632103720211106e-07
0.53825,1.413439907277561e-07
0.5385,1.0373824520387026e-07
0.53875,6.160381308827208e-08
0.539,2.1736728782876605e-08
0.53925,-1.0890582073671561e-08
0.5395,-3.3905115671226605e-08
0.53975,-4.607914593545743e-08
0.54,-4.917733537154027e-08
0.54025,-4.623552247998438e-08
0.5405,-3.969156377998436e-08
0.54075,-3.168741449355103e-08
0.541,-2.3736813242373517e-08
0.54125,-1.7091181910079537e-08
0.5415,-1.2033767696608545e-08
0.54175,-8.835980872166695e-09
0.542,-6.751729113983516e-09
0.54225,-5.291984380178859e-09
0.5425,-4.1366206387776406e-09
0.54275,-3.059679981976024e-09
0.543,-1.8489066818144038e-09
0.54325,-4.389101088408452e-10
0.5435,1.207558377519133e-09
0.54375,3.01450362032549e-09
0.544,5.006524081997226e-09
0.54425,7.188561937560457e-09
0.5445,9.59322451730491e-09
0.54475,1.2187091156011418e-08
0.545,1.500600889292725e-08
0.54525,1.802298646683938e-08
0.5455,2.1235833619357468e-08
0.54575,2.4421991195233473e-08
0.546,2.790460089211706e-08
0.54625,3.142668565405141e-08
0.5465,3.506356166412508e-08
0.54675,3.8758283726598265e-08
0.547,4.2283703201407347e-08
0.54725,4.580238796192336e-08
0.5475,4.9204355997928054e-08
0.54775,5.229933960613762e-08
0.548,5.5224541121892093e-08
0.54825,5.7881697146090685e-08
0.5485,6.020294695903052e-08
0.54875,6.226135588103986e-08
0.549,6.371268941286156e-08
0.54925,6.481909181434712e-08
0.5495,6.551029940312745e-08
0.54975,6.571947962064117e-08
0.55,6.537008795269743e-08
0.55025,6.435233350355744e-08
0.5505,6.303148537071927e-08
0.55075,6.125232066606721e-08
0.551,5.9153794141594966e-08
0.55125,5.67450673379984e-08
0.5515,5.404592370093819e-08
0.55175,5.100534562208759e-08
0.552,4.795918315195463e-08
0.55225,4.4638927579163403e-08
0.5525,4.125128895598123e-08
0.55275,3.7913493736558356e-08
0.553,3.43973624681965e-08
0.55325,3.101220748798409e-08
0.5535,2.7661103862092437e-08
0.55375,2.428222520744993e-08
0.554,2.105495204996606e-08
0.55425,1.796519518856084e-08
0.5545,1.5177967495724333e-08
0.55475,1.2549195564056226e-08
0.555,1.0124008280367473e-08
0.55525,7.970998658242327e-09
0.5555,6.0297970929264195e-09
0.55575,4.3070763098711065e-09
0.556,2.7818469673006013e-09
0.55625,1.4542738554407668e-09
0.5565,3.018633548642812e-10
0.55675,-6.841462281350504e-10
0.557,-1.5226887460285903e-09
0.55725,-2.213369419108116e-09
0.5575,-2.7785308835168197e-09
0.55775,-3.2222764407651227e-09
0.558,-3.56761700412769e-09
0.55825,-3.826952186569176e-09
0.5585,-3.986644571010969e-09
0.55875,-4.102096516999962e-09
0.559,-4.139963623678263e-09
0.55925,-4.143783960571673e-09
0.5595,-4.10338819420638e-09
0.55975,-4.041894166841388e-09
0.56,-3.98214476109731e-09
0.56025,-3.894907000865156e-09
0.5605,-3.788287453466643e-09
0.56075,-3.657564844157212e-09
0.561,-3.477723146393718e-09
0.56125,-3.25698781270449e-09
0.5615,-2.9602598870805297e-09
0.56175,-2.5756380691925815e-09
0.562,-2.0967294572916346e-09
0.56225,-1.4950347231368565e-09
0.5625,-7.421975561979443e-10
0.56275,1.7133503414738308e-10
0.563,1.2889852593390021e-09
0.56325,2.617974092798299e-09
0.5635,4.214064442341104e-09
0.56375,6.0665296119729294e-09
0.564,8.266890545167902e-09
0.56425,1.0783696275556197e-08
0.5645,1.366965962454086e-08
0.56475,1.6727478822908104e-08
0.565,2.022271107035848e-08
0.56525,2.3606299355602354e-08
0.5655,2.708959914920872e-08
0.56575,3.063468697171496e-08
0.566,3.387820234817468e-08
0.56625,3.6823548005443425e-08
0.5665,3.933318212455046e-08
0.56675,4.1236842969272914e-08
0.567,4.2536309996442525e-08
0.56725,4.308365678264268e-08
0.5675,4.286590588979671e-08
0.56775,4.18733252017983e-08
0.568,4.0260572556841274e-08
0.56825,3.802693509308223e-08
0.5685,3.532873088401655e-08
0.56875,3.215280984267009e-08
0.569,2.881020004487722e-08
0.56925,2.5164346142868184e-08
0.5695,2.16145738127913e-08
0.56975,1.8239536652435036e-08
0.57,1.515132354626831e-08
0.57025,1.2324768002956292e-08
0.5705,9.783131825048934e-09
0.57075,7.578079076508056e-09
0.571,5.628494973686509e-09
0.57125,3.898157301645833e-09
0.5715,2.2450200989727982e-09
0.57175,5.534479087907624e-10
0.572,-1.7784218775032228e-09
0.57225,-5.177842946194559e-09
0.5725,-9.738638752786307e-09
0.57275,-1.5148026006079638e-08
0.573,-2.070320288578612e-08
0.57325,-2.519427743980102e-08
0.5735,-2.6323258916412876e-08
0.57375,-2.1648849651761693e-08
0.574,-9.625378601061923e-09
0.57425,1.0875496804610597e-08
0.5745,4.045124181078964e-08
0.57475,7.885213369523067e-08
0.575,1.1867839221966383e-07
0.57525,1.5162798803127444e-07
0.5755,1.7289860590469116e-07
0.57575,1.7787158712247853e-07
0.576,1.6294873077369047e-07
0.57625,1.3164676660856137e-07
0.5765,9.099548724210319e-08
0.57675,4.92832017990227e-08
0.577,1.2498181966780967e-08
0.57725,-1.554492677218748e-08
0.5775,-3.347783498701643e-08
0.57775,-4.158781861614542e-08
0.578,-4.1175432834010936e-08
0.57825,-3.54171203913508e-08
0.5785,-2.7120408661476704e-08
0.57875,-1.850879482124079e-08
0.579,-1.092913399494475e-08
0.57925,-5.1894761035785154e-09
0.5795,-1.376574185999514e-09
0.57975,1.098811891417028e-09
0.58,2.870859102520378e-09
0.58025,4.227308756048905e-09
0.5805,5.383770906556756e-09
0.58075,6.523069511034433e-09
0.581,7.778350364319373e-09
0.58125,9.224611165947793e-09
0.5815,1.0902217556091083e-08
0.58175,1.2781678507537597e-08
0.582,1.481653592993282e-08
0.58225,1.705685935180672e-08
0.5825,1.9492887547374616e-08
0.58275,2.2070206485994184e-08
0.583,2.4950445991941946e-08
0.58325,2.800052234261438e-08
0.5835,3.119196079827647e-08
0.58375,3.4551857603037326e-08
0.584,3.791034239764569e-08
0.58425,4.141402381118063e-08
0.5845,4.493740982193123e-08
0.58475,4.8447477293823295e-08
0.585,5.1972963739210354e-08
0.58525,5.5348926585731056e-08
0.5855,5.857409698084447e-08
0.58575,6.164383369433151e-08
0.586,6.443706706677088e-08
0.58625,6.675269462834248e-08
0.5865,6.891692943272088e-08
0.58675,7.05020285450352e-08
0.587,7.173010490281469e-08
0.58725,7.269637578100074e-08
0.5875,7.304247220480853e-08
0.58775,7.292984462650506e-08
0.588,7.235031704202502e-08
0.58825,7.132340895301017e-08
0.5885,6.98230059945661e-08
0.58875,6.788322291336981e-08
0.589,6.54535829153635e-08
0.58925,6.287608954945268e-08
0.5895,5.998583423784206e-08
0.58975,5.694964945328382e-08
0.59,5.3597550533502726e-08
0.59025,5.023888361039871e-08
0.5905,4.672564931485535e-08
0.59075,4.33534070916732e-08
0.591,3.985465539769349e-08
0.59125,3.6326363431965366e-08
0.5915,3.2950965123110615e-08
0.59175,2.9735242221978727e-08
0.592,2.651769919411128e-08
0.59225,2.3588038343297154e-08
0.5925,2.082773121949637e-08
0.59275,1.8354380416340657e-08
0.593,1.605889497655905e-08
0.59325,1.3953487184532852e-08
0.5935,1.211008670876444e-08
0.59375,1.0440168213536394e-08
0.594,8.978452196507843e-09
0.59425,7.692751803389229e-09
0.5945,6.584631571577027e-09
0.59475,5.622502502248486e-09
0.595,4.820279333009216e-09
0.59525,4.151207332993685e-09
0.5955,3.610000212098953e-09
0.59575,3.187868407576531e-09
0.596,2.848170356568153e-09
0.59625,2.610124127180836e-09
0.5965,2.426511520438586e-09
0.59675,2.3115945910985007e-09
0.597,2.237033509362816e-09
0.59725,2.1997283864567353e-09
0.5975,2.2013321159399728e-09
0.59775,2.2406688310280265e-09
0.598,2.3055953390791034e-09
0.59825,2.375941138284843e-09
0.5985,2.499472068023538e-09
0.59875,2.63303091041981e-09
0.599,2.80135052053939e-09
0.59925,3.0231207089508734e-09
0.5995,3.3269723032456334e-09
0.59975,3.7015797057352517e-09
0.6,4.170938063019622e-09
0.60025,4.784970216469301e-09
0.6005,5.557379926238954e-09
0.60075,6.533964688377853e-09
0.601,7.731499963718077e-09
0.60125,9.206850934548396e-09
0.6015,1.0969645647593682e-08
0.60175,1.3022825182852404e-08
0.602,1.54401119871244e-08
0.60225,1.816612203327018e-08
0.6025,2.121793794384763e-08
0.60275,2.440964135235068e-08
0.603,2.7918988127436563e-08
0.60325,3.1434145541951464e-08
0.6035,3.4957118370255774e-08
0.60375,3.832512753907131e-08
0.604,4.1557386821462085e-08
0.60425,4.419057509311963e-08
0.6045,4.635471230977331e-08
0.60475,4.792400411250981e-08
0.605,4.873068064956997e-08
0.60525,4.876806332103207e-08
0.6055,4.818951587595775e-08
0.60575,4.6859233208991425e-08
0.606,4.4750626702775654e-08
0.60625,4.217272748932763e-08
0.6065,3.9139363832134455e-08
0.60675,3.578319542523156e-08
0.607,3.227843461241794e-08
0.60725,2.8608047506561743e-08
0.6075,2.5083509866002747e-08
0.60775,2.170902700740096e-08
0.608,1.8635789899758357e-08
0.60825,1.586624369077502e-08
0.6085,1.3495089792515137e-08
0.60875,1.1360299141734013e-08
0.609,9.469144867356717e-09
0.60925,7.679886631993328e-09
0.6095,5.893921935794043e-09
0.60975,3.79866168732435e-09
0.61,8.103341326402428e-10
0.61025,-3.343691317206634e-09
0.6105,-8.534300061217482e-09
0.61075,-1.4261583601802954e-08
0.611,-1.951924450417022e-08
0.61125,-2.2287478103947036e-08
0.6115,-2.0246509270057872e-08
0.61175,-1.1643839098191063e-08
0.612,5.101360103666148e-09
0.61225,3.12173199922197e-08
0.6125,6.639583110117277e-08
0.61275,1.0507489301231437e-07
0.613,1.4122760778940575e-07
0.61325,1.6878402695473027e-07
0.6135,1.817233773921423e-07
0.61375,1.7494399825699766e-07
0.614,1.4866321532955437e-07
0.61425,1.1117802080426118e-07
0.6145,6.976952559820173e-08
0.61475,3.059536745439633e-08
0.615,-1.9726022612724057e-09
0.61525,-2.4860420695314133e-08
0.6155,-3.760488709171471e-08
0.61575,-4.156291889069587e-08
0.616,-3.900773335043061e-08
0.61625,-3.1950130462596225e-08
0.6165,-2.279530445915179e-08
0.61675,-1.4227951854330178e-08
0.617,-7.43308025073521e-09
0.61725,-2.4367557158782617e-09
0.6175,9.62971425327505e-10
0.61775,3.1209362148485072e-09
0.618,4.543377571871653e-09
0.61825,5.766757155439207e-09
0.6185,6.946351134803751e-09
0.61875,8.164752916939378e-09
0.619,9.49219372926517e-09
0.61925,1.0997680990794584e-08
0.6195,1.2676165086890984e-08
0.61975,1.4548283620791355e-08
0.62,1.6593931835383505e-08
0.62025,1.887653890723753e-08
0.6205,2.1323983590342393e-08
0.62075,2.3910536882773128e-08
0.621,2.6814944165008954e-08
0.62125,2.971356401572928e-08
0.6215,3.2919711597944423e-08
0.62175,3.612913024541329e-08
0.622,3.9489588853362056e-08
0.62225,4.2852355630375296e-08
0.6225,4.636443433041436e-08
0.62275,4.988390458870212e-08
0.623,5.325231566649732e-08
0.62325,5.6464129657466795e-08
0.6235,5.967711934671619e-08
0.62375,6.259204316008602e-08
0.624,6.51966720544566e-08
0.62425,6.749995420891322e-08
0.6245,6.934483387353405e-08
0.62475,7.087835653522284e-08
0.625,7.211312846704455e-08
0.62525,7.273652924761539e-08
0.6255,7.304734675852228e-08
0.62575,7.29090931804535e-08
0.626,7.215388331473808e-08
0.62625,7.109014860465206e-08
0.6265,6.957274179261145e-08
0.62675,6.759156974800622e-08
0.627,6.530615883874123e-08
0.62725,6.256159353354183e-08
0.6275,5.965701367552778e-08
0.62775,5.660547118936666e-08
0.628,5.3244555034050015e-08
0.62825,4.9881232218490994e-08
0.6285,4.6368093091516777e-08
0.62875,4.2849489776466026e-08
0.629,3.933534827716966e-08
0.62925,3.581574149978628e-08
0.6295,3.245250589923813e-08
0.62975,2.908603046981913e-08
0.63,2.602527012647759e-08
0.63025,2.2967540738700904e-08
0.6305,2.0208268131822716e-08
0.63075,1.7761831371635626e-08
0.631,1.5313232212691803e-08
0.63125,1.3229150924555888e-08
0.6315,1.1317212988768134e-08
0.63175,9.601262345006519e-09
0.632,8.071442390618017e-09
0.63225,6.707683286682756e-09
0.6325,5.529592056611882e-09
0.63275,4.48754801786057e-09
0.633,3.6002383391607376e-09
0.63325,2.83363804624117e-09
0.6335,2.206557515484112e-09
0.63375,1.6697021359184362e-09
0.634,1.241669929383102e-09
0.63425,8.900042694227714e-10
0.6345,6.107353209028454e-10
0.63475,3.845237553973227e-10
0.635,2.0046990363144156e-10
0.63525,5.6504093839166876e-11
0.6355,-4.320288938864976e-11
0.63575,-1.1433838071568862e-10
0.636,-1.5635155792717684e-10
0.63625,-1.7972358254092376e-10
0.6365,-1.7476180948845514e-10
0.63675,-1.4671610211029026e-10
0.637,-7.773541815863083e-11
0.63725,3.2714181526563015e-11
0.6375,2.1040089613927733e-10
0.63775,4.6029166532135687e-10
0.638,8.189537089639863e-10
0.63825,1.2936432111500783e-09
0.6385,1.927978610918917e-09
0.63875,2.745177922751248e-09
0.639,3.795843476226493e-09
0.63925,4.894128942638411e-09
