0,0.000458257
0.00025,0.000355177
0.0005,0.000226284
0.00075,9.03E-05
0.001,-3.36E-05
0.00125,-0.000135753
0.0015,-0.000210411
0.00175,-0.000256764
0.002,-0.000277922
0.00225,-0.000279296
0.0025,-0.000268
0.00275,-0.000250708
0.003,-0.000232627
0.00325,-0.000216183
0.0035,-0.000202278
0.00375,-0.000190008
0.004,-0.00017804
0.00425,-0.000165586
0.0045,-0.000152033
0.00475,-0.000136938
0.005,-0.000120149
0.00525,-0.000101682
0.0055,-8.17E-05
0.00575,-6.07E-05
0.006,-3.90E-05
0.00625,-1.66E-05
0.0065,5.91E-06
0.00675,2.83E-05
0.007,5.03E-05
0.00725,7.13E-05
0.0075,9.12E-05
0.00775,0.000110036
0.008,0.000126782
0.00825,0.000141335
0.0085,0.000153985
0.00875,0.000164726
0.009,0.000172824
0.00925,0.000178452
0.0095,0.000182193
0.00975,0.000183939
0.01,0.000183625
0.01025,0.00018164
0.0105,0.000178376
0.01075,0.000174245
0.011,0.000169258
0.01125,0.000164191
0.0115,0.000158587
0.01175,0.000153551
0.012,0.000148463
0.01225,0.000143553
0.0125,0.000139617
0.01275,0.000135918
0.013,0.00013354
0.01325,0.000131552
0.0135,0.000130177
0.01375,0.000129548
0.014,0.000128994
0.01425,0.00012864
0.0145,0.000128551
0.01475,0.000128045
0.015,0.000126858
0.01525,0.00012553
0.0155,0.000123414
0.01575,0.000120387
0.016,0.000117054
0.01625,0.00011253
0.0165,0.000107014
0.01675,0.000100933
0.017,9.42E-05
0.01725,8.68E-05
0.0175,7.87E-05
0.01775,7.01E-05
0.018,6.09E-05
0.01825,5.12E-05
0.0185,4.09E-05
0.01875,3.00E-05
0.019,1.87E-05
0.01925,7.00E-06
0.0195,-5.16E-06
0.01975,-1.76E-05
0.02,-3.03E-05
0.02025,-4.31E-05
0.0205,-5.60E-05
0.02075,-6.86E-05
0.021,-8.09E-05
0.02125,-9.26E-05
0.0215,-0.00010351
0.02175,-0.000113388
0.022,-0.000122004
0.02225,-0.000129089
0.0225,-0.000134422
0.02275,-0.000137821
0.023,-0.000139093
0.02325,-0.000138111
0.0235,-0.000134784
0.02375,-0.000129027
0.024,-0.000120958
0.02425,-0.000110612
0.0245,-9.81E-05
0.02475,-8.36E-05
0.025,-6.74E-05
0.02525,-4.97E-05
0.0255,-3.08E-05
0.02575,-1.10E-05
0.026,9.61E-06
0.02625,3.06E-05
0.0265,5.16E-05
0.02675,7.24E-05
0.027,9.25E-05
0.02725,0.000111649
0.0275,0.000129574
0.02775,0.000145839
0.028,0.00016
0.02825,0.000172135
0.0285,0.000182217
0.02875,0.000189216
0.029,0.000193642
0.02925,0.000194814
0.0295,0.000192942
0.02975,0.000188532
0.03,0.000181316
0.03025,0.000171486
0.0305,0.000159926
0.03075,0.000146325
0.031,0.000131254
0.03125,0.000115524
0.0315,9.88E-05
0.03175,8.21E-05
0.032,6.57E-05
0.03225,4.98E-05
0.0325,3.48E-05
0.03275,2.09E-05
0.033,8.29E-06
0.03325,-3.06E-06
0.0335,-1.33E-05
0.03375,-2.29E-05
0.034,-3.22E-05
0.03425,-4.19E-05
0.0345,-5.29E-05
0.03475,-6.58E-05
0.035,-8.07E-05
0.03525,-9.55E-05
0.0355,-0.00010783
0.03575,-0.000112437
0.036,-0.000104884
0.03625,-8.00E-05
0.0365,-3.20E-05
0.03675,4.02E-05
0.037,0.000132673
0.03725,0.000235285
0.0375,0.000333328
0.03775,0.000406016
0.038,0.000439852
0.03825,0.000421616
0.0385,0.000354671
0.03875,0.000257232
0.039,0.000147786
0.03925,4.42E-05
0.0395,-4.16E-05
0.03975,-0.000103215
0.04,-0.000139381
0.04025,-0.000151636
0.0405,-0.000147414
0.04075,-0.000133078
0.041,-0.000114268
0.04125,-9.42E-05
0.0415,-7.64E-05
0.04175,-6.29E-05
0.042,-5.32E-05
0.04225,-4.55E-05
0.0425,-3.88E-05
0.04275,-3.20E-05
0.043,-2.47E-05
0.04325,-1.64E-05
0.0435,-7.04E-06
0.04375,3.18E-06
0.044,1.41E-05
0.04425,2.57E-05
0.0445,3.78E-05
0.04475,5.05E-05
0.045,6.35E-05
0.04525,7.66E-05
0.0455,9.01E-05
0.04575,0.000103609
0.046,0.000116955
0.04625,0.000129761
0.0465,0.000142744
0.04675,0.000154966
0.047,0.000166531
0.04725,0.000177653
0.0475,0.000187533
0.04775,0.000196146
0.048,0.000203465
0.04825,0.000209411
0.0485,0.000213613
0.04875,0.000216437
0.049,0.000217056
0.04925,0.000216032
0.0495,0.000213226
0.04975,0.000208087
0.05,0.000201438
0.05025,0.000192606
0.0505,0.000182213
0.05075,0.000170381
0.051,0.000157738
0.05125,0.00014399
0.0515,0.000129505
0.05175,0.000115178
0.052,0.0001008
0.05225,8.66E-05
0.0525,7.31E-05
0.05275,6.04E-05
0.053,4.87E-05
0.05325,3.79E-05
0.0535,2.86E-05
0.05375,2.06E-05
0.054,1.39E-05
0.05425,9.17E-06
0.0545,5.15E-06
0.05475,3.25E-06
0.055,2.02E-06
0.05525,2.24E-06
0.0555,3.21E-06
0.05575,4.96E-06
0.056,7.21E-06
0.05625,9.84E-06
0.0565,1.27E-05
0.05675,1.56E-05
0.057,1.84E-05
0.05725,2.11E-05
0.0575,2.35E-05
0.05775,2.55E-05
0.058,2.72E-05
0.05825,2.84E-05
0.0585,2.91E-05
0.05875,2.92E-05
0.059,2.89E-05
0.05925,2.80E-05
0.0595,2.66E-05
0.05975,2.47E-05
0.06,2.22E-05
0.06025,1.94E-05
0.0605,1.61E-05
0.06075,1.25E-05
0.061,8.61E-06
0.06125,4.52E-06
0.0615,3.46E-07
0.06175,-3.81E-06
0.062,-7.78E-06
0.06225,-1.14E-05
0.0625,-1.46E-05
0.06275,-1.71E-05
0.063,-1.88E-05
0.06325,-1.96E-05
0.0635,-1.91E-05
0.06375,-1.71E-05
0.064,-1.36E-05
0.06425,-8.38E-06
0.0645,-1.50E-06
0.06475,7.08E-06
0.065,1.73E-05
0.06525,2.88E-05
0.0655,4.17E-05
0.06575,5.59E-05
0.066,7.07E-05
0.06625,8.57E-05
0.0665,0.000100643
0.06675,0.000114495
0.067,0.000126877
0.06725,0.000137916
0.0675,0.000146707
0.06775,0.000153156
0.068,0.000156806
0.06825,0.000158
0.0685,0.000156286
0.06875,0.000152103
0.069,0.000145028
0.06925,0.000136043
0.0695,0.000125018
0.06975,0.000112669
0.07,9.97E-05
0.07025,8.63E-05
0.0705,7.24E-05
0.07075,5.88E-05
0.071,4.57E-05
0.07125,3.31E-05
0.0715,2.13E-05
0.07175,1.04E-05
0.072,4.66E-07
0.07225,-8.86E-06
0.0725,-1.85E-05
0.07275,-2.90E-05
0.073,-4.10E-05
0.07325,-5.49E-05
0.0735,-7.11E-05
0.07375,-8.90E-05
0.074,-0.000104854
0.07425,-0.000113069
0.0745,-0.000108858
0.07475,-8.81E-05
0.075,-4.69E-05
0.07525,1.81E-05
0.0755,0.000107856
0.07575,0.000209729
0.076,0.000308233
0.07625,0.00038883
0.0765,0.000435613
0.07675,0.000434804
0.077,0.000384159
0.07725,0.000298547
0.0775,0.000200218
0.07775,0.000103533
0.078,2.10E-05
0.07825,-3.91E-05
0.0785,-7.34E-05
0.07875,-8.47E-05
0.079,-7.80E-05
0.07925,-5.88E-05
0.0795,-3.24E-05
0.07975,-6.01E-06
0.08,1.58E-05
0.08025,3.22E-05
0.0805,4.37E-05
0.08075,5.10E-05
0.081,5.53E-05
0.08125,5.79E-05
0.0815,6.00E-05
0.08175,6.16E-05
0.082,6.32E-05
0.08225,6.48E-05
0.0825,6.68E-05
0.08275,6.90E-05
0.083,7.18E-05
0.08325,7.47E-05
0.0835,7.81E-05
0.08375,8.22E-05
0.084,8.65E-05
0.08425,9.13E-05
0.0845,9.63E-05
0.08475,0.000101609
0.085,0.000107164
0.08525,0.000112637
0.0855,0.000118371
0.08575,0.000123959
0.086,0.000129411
0.08625,0.000134399
0.0865,0.000139329
0.08675,0.000143372
0.087,0.000147203
0.08725,0.000150572
0.0875,0.000152912
0.08775,0.000154272
0.088,0.000155213
0.08825,0.000155519
0.0885,0.000154678
0.08875,0.000153477
0.089,0.000151463
0.08925,0.000148759
0.0895,0.000145316
0.08975,0.000141194
0.09,0.000136332
0.09025,0.000130843
0.0905,0.00012546
0.09075,0.00011961
0.091,0.00011355
0.09125,0.000107816
0.0915,0.000101653
0.09175,9.60E-05
0.092,9.05E-05
0.09225,8.54E-05
0.0925,8.05E-05
0.09275,7.60E-05
0.093,7.24E-05
0.09325,6.90E-05
0.0935,6.61E-05
0.09375,6.37E-05
0.094,6.22E-05
0.09425,6.10E-05
0.0945,6.06E-05
0.09475,6.03E-05
0.095,6.04E-05
0.09525,6.05E-05
0.0955,6.07E-05
0.09575,6.09E-05
0.096,6.09E-05
0.09625,6.06E-05
0.0965,6.00E-05
0.09675,5.89E-05
0.097,5.73E-05
0.09725,5.51E-05
0.0975,5.23E-05
0.09775,4.88E-05
0.098,4.47E-05
0.09825,3.99E-05
0.0985,3.46E-05
0.09875,2.89E-05
0.099,2.27E-05
0.09925,1.63E-05
0.0995,9.70E-06
0.09975,3.05E-06
0.1,-3.39E-06
0.10025,-9.60E-06
0.1005,-1.53E-05
0.10075,-2.04E-05
0.101,-2.47E-05
0.10125,-2.81E-05
0.1015,-3.04E-05
0.10175,-3.15E-05
0.102,-3.12E-05
0.10225,-2.96E-05
0.1025,-2.63E-05
0.10275,-2.15E-05
0.103,-1.50E-05
0.10325,-6.85E-06
0.1035,3.01E-06
0.10375,1.42E-05
0.104,2.69E-05
0.10425,4.11E-05
0.1045,5.57E-05
0.10475,7.09E-05
0.105,8.62E-05
0.10525,0.000101513
0.1055,0.0001161
0.10575,0.00012934
0.106,0.00014131
0.10625,0.000150745
0.1065,0.00015817
0.10675,0.000163226
0.107,0.00016561
0.10725,0.000165161
0.1075,0.000162022
0.10775,0.000156829
0.108,0.000149077
0.10825,0.000139443
0.1085,0.000128428
0.10875,0.000115862
0.109,0.000102923
0.10925,8.92E-05
0.1095,7.56E-05
0.10975,6.17E-05
0.11,4.78E-05
0.11025,3.47E-05
0.1105,2.20E-05
0.11075,9.70E-06
0.111,-1.87E-06
0.11125,-1.36E-05
0.1115,-2.64E-05
0.11175,-4.10E-05
0.112,-5.75E-05
0.11225,-7.55E-05
0.1125,-9.41E-05
0.11275,-0.000111333
0.113,-0.000120636
0.11325,-0.000116811
0.1135,-9.55E-05
0.11375,-5.31E-05
0.114,1.22E-05
0.11425,0.000101841
0.1145,0.000210489
0.11475,0.000314346
0.115,0.000396903
0.11525,0.000449041
0.1155,0.000453032
0.11575,0.000411756
0.116,0.000332415
0.11625,0.000235602
0.1165,0.000140196
0.11675,5.95E-05
0.117,1.08E-06
0.11725,-3.23E-05
0.1175,-4.16E-05
0.11775,-3.16E-05
0.118,-1.11E-05
0.11825,1.40E-05
0.1185,3.80E-05
0.11875,5.80E-05
0.119,7.19E-05
0.11925,7.98E-05
0.1195,8.29E-05
0.11975,8.33E-05
0.12,8.15E-05
0.12025,7.84E-05
0.1205,7.41E-05
0.12075,6.95E-05
0.121,6.45E-05
0.12125,5.97E-05
0.1215,5.49E-05
0.12175,5.03E-05
0.122,4.61E-05
0.12225,4.23E-05
0.1225,3.90E-05
0.12275,3.70E-05
0.123,3.54E-05
0.12325,3.47E-05
0.1235,3.52E-05
0.12375,3.65E-05
0.124,3.93E-05
0.12425,4.31E-05
0.1245,4.78E-05
0.12475,5.39E-05
0.125,6.04E-05
0.12525,6.83E-05
0.1255,7.69E-05
0.12575,8.60E-05
0.126,9.55E-05
0.12625,0.00010546
0.1265,0.000115208
0.12675,0.000125488
0.127,0.000135491
0.12725,0.000144961
0.1275,0.000154019
0.12775,0.000162096
0.128,0.000169518
0.12825,0.000175431
0.1285,0.0001801
0.12875,0.000183822
0.129,0.000186066
0.12925,0.000186837
0.1295,0.000186709
0.12975,0.000184644
0.13,0.000181789
0.13025,0.000177532
0.1305,0.000172349
0.13075,0.000165787
0.131,0.000158825
0.13125,0.000150736
0.1315,0.000142022
0.13175,0.0001328
0.132,0.000123453
0.13225,0.000114069
0.1325,0.000104195
0.13275,9.47E-05
0.133,8.54E-05
0.13325,7.63E-05
0.1335,6.73E-05
0.13375,5.86E-05
0.134,5.02E-05
0.13425,4.19E-05
0.1345,3.39E-05
0.13475,2.62E-05
0.135,1.86E-05
0.13525,1.13E-05
0.1355,4.22E-06
0.13575,-2.63E-06
0.136,-9.22E-06
0.13625,-1.55E-05
0.1365,-2.15E-05
0.13675,-2.72E-05
0.137,-3.24E-05
0.13725,-3.72E-05
0.1375,-4.15E-05
0.13775,-4.53E-05
0.138,-4.83E-05
0.13825,-5.08E-05
0.1385,-5.25E-05
0.13875,-5.34E-05
0.139,-5.36E-05
0.13925,-5.30E-05
0.1395,-5.16E-05
0.13975,-4.94E-05
0.14,-4.64E-05
0.14025,-4.26E-05
0.1405,-3.80E-05
0.14075,-3.26E-05
0.141,-2.63E-05
0.14125,-1.93E-05
0.1415,-1.13E-05
0.14175,-2.12E-06
0.142,8.22E-06
0.14225,1.94E-05
0.1425,3.12E-05
0.14275,4.35E-05
0.143,5.59E-05
0.14325,6.85E-05
0.1435,8.07E-05
0.14375,9.28E-05
0.144,0.000104116
0.14425,0.000114989
0.1445,0.000124447
0.14475,0.000132765
0.145,0.000139644
0.14525,0.000144695
0.1455,0.000147467
0.14575,0.000147951
0.146,0.000146109
0.14625,0.000142219
0.1465,0.000136275
0.14675,0.000128995
0.147,0.000120204
0.14725,0.000110328
0.1475,9.93E-05
0.14775,8.81E-05
0.148,7.63E-05
0.14825,6.45E-05
0.1485,5.29E-05
0.14875,4.21E-05
0.149,3.14E-05
0.14925,2.06E-05
0.1495,9.09E-06
0.14975,-3.14E-06
0.15,-1.65E-05
0.15025,-3.11E-05
0.1505,-4.71E-05
0.15075,-6.45E-05
0.151,-8.35E-05
0.15125,-0.000101569
0.1515,-0.000112224
0.15175,-0.000108808
0.152,-8.66E-05
0.15225,-4.37E-05
0.1525,2.13E-05
0.15275,0.000107421
0.153,0.000210232
0.15325,0.000310421
0.1535,0.000386106
0.15375,0.000426326
0.154,0.000417001
0.15425,0.000359716
0.1545,0.000270278
0.15475,0.000166619
0.155,6.81E-05
0.15525,-1.30E-05
0.1555,-7.02E-05
0.15575,-0.000101097
0.156,-0.000107338
0.15625,-9.72E-05
0.1565,-7.71E-05
0.15675,-5.26E-05
0.157,-2.88E-05
0.15725,-7.63E-06
0.1575,7.78E-06
0.15775,1.83E-05
0.158,2.49E-05
0.15825,2.91E-05
0.1585,3.16E-05
0.15875,3.33E-05
0.159,3.43E-05
0.15925,3.51E-05
0.1595,3.55E-05
0.15975,3.57E-05
0.16,3.55E-05
0.16025,3.54E-05
0.1605,3.52E-05
0.16075,3.54E-05
0.161,3.57E-05
0.16125,3.63E-05
0.1615,3.81E-05
0.16175,4.00E-05
0.162,4.29E-05
0.16225,4.67E-05
0.1625,5.13E-05
0.16275,5.72E-05
0.163,6.39E-05
0.16325,7.12E-05
0.1635,7.93E-05
0.16375,8.84E-05
0.164,9.76E-05
0.16425,0.000107253
0.1645,0.000117259
0.16475,0.000126881
0.165,0.000136599
0.16525,0.000145855
0.1655,0.000154007
0.16575,0.000161323
0.166,0.000167595
0.16625,0.000172581
0.1665,0.000175913
0.16675,0.000178368
0.167,0.000179431
0.16725,0.000178913
0.1675,0.000177046
0.16775,0.000173771
0.168,0.000169518
0.16825,0.000163915
0.1685,0.000156944
0.16875,0.000149158
0.169,0.000140189
0.16925,0.000130483
0.1695,0.000120077
0.16975,0.000109243
0.17,9.78E-05
0.17025,8.64E-05
0.1705,7.43E-05
0.17075,6.26E-05
0.171,5.07E-05
0.17125,3.90E-05
0.1715,2.73E-05
0.17175,1.59E-05
0.172,4.62E-06
0.17225,-6.17E-06
0.1725,-1.66E-05
0.17275,-2.65E-05
0.173,-3.58E-05
0.17325,-4.43E-05
0.1735,-5.21E-05
0.17375,-5.89E-05
0.174,-6.47E-05
0.17425,-6.95E-05
0.1745,-7.33E-05
0.17475,-7.59E-05
0.175,-7.75E-05
0.17525,-7.79E-05
0.1755,-7.73E-05
0.17575,-7.55E-05
0.176,-7.28E-05
0.17625,-6.90E-05
0.1765,-6.47E-05
0.17675,-5.95E-05
0.177,-5.39E-05
0.17725,-4.77E-05
0.1775,-4.14E-05
0.17775,-3.47E-05
0.178,-2.80E-05
0.17825,-2.12E-05
0.1785,-1.46E-05
0.17875,-7.90E-06
0.179,-1.44E-06
0.17925,5.07E-06
0.1795,1.15E-05
0.17975,1.83E-05
0.18,2.53E-05
0.18025,3.26E-05
0.1805,3.99E-05
0.18075,4.73E-05
0.181,5.44E-05
0.18125,6.15E-05
0.1815,6.81E-05
0.18175,7.46E-05
0.182,8.02E-05
0.18225,8.55E-05
0.1825,9.01E-05
0.18275,9.34E-05
0.183,9.56E-05
0.18325,9.67E-05
0.1835,9.56E-05
0.18375,9.34E-05
0.184,8.89E-05
0.18425,8.27E-05
0.1845,7.47E-05
0.18475,6.59E-05
0.185,5.66E-05
0.18525,4.65E-05
0.1855,3.66E-05
0.18575,2.67E-05
0.186,1.73E-05
0.18625,8.52E-06
0.1865,4.60E-07
0.18675,-6.56E-06
0.187,-1.25E-05
0.18725,-1.71E-05
0.1875,-2.14E-05
0.18775,-2.55E-05
0.188,-3.05E-05
0.18825,-3.64E-05
0.1885,-4.44E-05
0.18875,-5.43E-05
0.189,-6.75E-05
0.18925,-8.37E-05
0.1895,-9.64E-05
0.18975,-9.90E-05
0.19,-8.58E-05
0.19025,-5.42E-05
0.1905,-2.26E-06
0.19075,6.93E-05
0.191,0.000158437
0.19125,0.000258867
0.1915,0.000348251
0.19175,0.000406624
0.192,0.000420483
0.19225,0.000383579
0.1925,0.000305027
0.19275,0.000199276
0.193,8.96E-05
0.19325,-9.85E-06
0.1935,-8.80E-05
0.19375,-0.000140442
0.194,-0.00016671
0.19425,-0.000172555
0.1945,-0.000162079
0.19475,-0.000141601
0.195,-0.000117552
0.19525,-9.59E-05
0.1955,-7.87E-05
0.19575,-6.53E-05
0.196,-5.54E-05
0.19625,-4.77E-05
0.1965,-4.14E-05
0.19675,-3.51E-05
0.197,-2.87E-05
0.19725,-2.22E-05
0.1975,-1.54E-05
0.19775,-8.44E-06
0.198,-1.16E-06
0.19825,6.40E-06
0.1985,1.42E-05
0.19875,2.22E-05
0.199,3.04E-05
0.19925,3.89E-05
0.1995,4.76E-05
0.19975,5.66E-05
0.2,6.58E-05
0.20025,7.53E-05
0.2005,8.45E-05
0.20075,9.39E-05
0.201,0.000103472
0.20125,0.000112947
0.2015,0.000121674
0.20175,0.000130304
0.202,0.000138251
0.20225,0.000145186
0.2025,0.000151748
0.20275,0.000156652
0.203,0.000160265
0.20325,0.000162893
0.2035,0.000164144
0.20375,0.000163561
0.204,0.000161548
0.20425,0.000158125
0.2045,0.000153189
0.20475,0.000147168
0.205,0.000139916
0.20525,0.000131351
0.2055,0.000122377
0.20575,0.000112195
0.206,0.000101624
0.20625,9.09E-05
0.2065,7.98E-05
0.20675,6.85E-05
0.207,5.79E-05
0.20725,4.70E-05
0.2075,3.67E-05
0.20775,2.68E-05
0.208,1.74E-05
0.20825,8.32E-06
0.2085,-1.81E-07
0.20875,-8.32E-06
0.209,-1.59E-05
0.20925,-2.30E-05
0.2095,-2.97E-05
0.20975,-3.59E-05
0.21,-4.17E-05
0.21025,-4.70E-05
0.2105,-5.19E-05
0.21075,-5.64E-05
0.211,-6.03E-05
0.21125,-6.36E-05
0.2115,-6.62E-05
0.21175,-6.81E-05
0.212,-6.93E-05
0.21225,-6.95E-05
0.2125,-6.88E-05
0.21275,-6.75E-05
0.213,-6.54E-05
0.21325,-6.21E-05
0.2135,-5.81E-05
0.21375,-5.39E-05
0.214,-4.86E-05
0.21425,-4.32E-05
0.2145,-3.72E-05
0.21475,-3.11E-05
0.215,-2.52E-05
0.21525,-1.90E-05
0.2155,-1.33E-05
0.21575,-7.76E-06
0.216,-2.32E-06
0.21625,2.75E-06
0.2165,7.16E-06
0.21675,1.14E-05
0.217,1.52E-05
0.21725,1.88E-05
0.2175,2.22E-05
0.21775,2.56E-05
0.218,2.90E-05
0.21825,3.27E-05
0.2185,3.67E-05
0.21875,4.12E-05
0.219,4.59E-05
0.21925,5.07E-05
0.2195,5.53E-05
0.21975,5.96E-05
0.22,6.32E-05
0.22025,6.61E-05
0.2205,6.84E-05
0.22075,6.93E-05
0.221,6.85E-05
0.22125,6.68E-05
0.2215,6.26E-05
0.22175,5.68E-05
0.222,4.86E-05
0.22225,3.88E-05
0.2225,2.73E-05
0.22275,1.52E-05
0.223,2.52E-06
0.22325,-1.02E-05
0.2235,-2.23E-05
0.22375,-3.37E-05
0.224,-4.41E-05
0.22425,-5.31E-05
0.2245,-6.05E-05
0.22475,-6.61E-05
0.225,-7.00E-05
0.22525,-7.17E-05
0.2255,-7.19E-05
0.22575,-7.05E-05
0.226,-6.88E-05
0.22625,-6.73E-05
0.2265,-6.76E-05
0.22675,-6.93E-05
0.227,-7.47E-05
0.22725,-8.21E-05
0.2275,-8.75E-05
0.22775,-8.75E-05
0.228,-7.76E-05
0.22825,-5.26E-05
0.2285,-7.37E-06
0.22875,6.09E-05
0.229,0.000148102
0.22925,0.000247069
0.2295,0.00034374
0.22975,0.00042437
0.23,0.000464438
0.23025,0.000447443
0.2305,0.000387225
0.23075,0.000294177
0.231,0.000185753
0.23125,7.66E-05
0.2315,-1.42E-05
0.23175,-8.08E-05
0.232,-0.000122653
0.23225,-0.000141748
0.2325,-0.000141312
0.23275,-0.000128956
0.233,-0.00011082
0.23325,-9.38E-05
0.2335,-7.98E-05
0.23375,-7.01E-05
0.234,-6.47E-05
0.23425,-6.29E-05
0.2345,-6.24E-05
0.23475,-6.21E-05
0.235,-6.14E-05
0.23525,-6.02E-05
0.2355,-5.80E-05
0.23575,-5.49E-05
0.236,-5.03E-05
0.23625,-4.48E-05
0.2365,-3.79E-05
0.23675,-2.98E-05
0.237,-2.06E-05
0.23725,-1.02E-05
0.2375,1.30E-06
0.23775,1.36E-05
0.238,2.68E-05
0.23825,4.05E-05
0.2385,5.46E-05
0.23875,6.87E-05
0.239,8.27E-05
0.23925,9.62E-05
0.2395,0.000109273
0.23975,0.000121634
0.24,0.000132691
0.24025,0.00014229
0.2405,0.000150457
0.24075,0.000156601
0.241,0.000161579
0.24125,0.00016405
0.2415,0.000165043
0.24175,0.000164111
0.242,0.000161611
0.24225,0.000156965
0.2425,0.00015079
0.24275,0.000143313
0.243,0.000134597
0.24325,0.000124408
0.2435,0.000113609
0.24375,0.000102174
0.244,9.01E-05
0.24425,7.78E-05
0.2445,6.53E-05
0.24475,5.32E-05
0.245,4.11E-05
0.24525,2.94E-05
0.2455,1.79E-05
0.24575,7.40E-06
0.246,-2.64E-06
0.24625,-1.19E-05
0.2465,-2.05E-05
0.24675,-2.82E-05
0.247,-3.50E-05
0.24725,-4.08E-05
0.2475,-4.57E-05
0.24775,-4.97E-05
0.248,-5.28E-05
0.24825,-5.50E-05
0.2485,-5.63E-05
0.24875,-5.67E-05
0.249,-5.65E-05
0.24925,-5.52E-05
0.2495,-5.34E-05
0.24975,-5.11E-05
0.25,-4.79E-05
0.25025,-4.45E-05
0.2505,-4.05E-05
0.25075,-3.63E-05
0.251,-3.22E-05
0.25125,-2.81E-05
0.2515,-2.38E-05
0.25175,-2.00E-05
0.252,-1.62E-05
0.25225,-1.29E-05
0.2525,-1.02E-05
0.25275,-7.68E-06
0.253,-5.90E-06
0.25325,-4.53E-06
0.2535,-3.92E-06
0.25375,-3.58E-06
0.254,-3.61E-06
0.25425,-3.98E-06
0.2545,-4.51E-06
0.25475,-5.41E-06
0.255,-6.03E-06
0.25525,-6.38E-06
0.2555,-6.56E-06
0.25575,-6.09E-06
0.256,-4.82E-06
0.25625,-2.71E-06
0.2565,8.05E-08
0.25675,3.58E-06
0.257,7.56E-06
0.25725,1.20E-05
0.2575,1.67E-05
0.25775,2.15E-05
0.258,2.62E-05
0.25825,3.07E-05
0.2585,3.45E-05
0.25875,3.81E-05
0.259,4.06E-05
0.25925,4.18E-05
0.2595,4.21E-05
0.25975,4.07E-05
0.26,3.74E-05
0.26025,3.25E-05
0.2605,2.56E-05
0.26075,1.72E-05
0.261,8.18E-06
0.26125,-1.20E-06
0.2615,-1.04E-05
0.26175,-1.97E-05
0.262,-2.78E-05
0.26225,-3.52E-05
0.2625,-4.12E-05
0.26275,-4.59E-05
0.263,-4.91E-05
0.26325,-5.08E-05
0.2635,-5.09E-05
0.26375,-4.96E-05
0.264,-4.73E-05
0.26425,-4.51E-05
0.2645,-4.40E-05
0.26475,-4.48E-05
0.265,-4.78E-05
0.26525,-5.32E-05
0.2655,-6.15E-05
0.26575,-6.85E-05
0.266,-6.92E-05
0.26625,-5.75E-05
0.2665,-2.98E-05
0.26675,1.70E-05
0.267,8.52E-05
0.26725,0.000176831
0.2675,0.000285285
0.26775,0.000383464
0.268,0.000455001
0.26825,0.000485223
0.2685,0.000470544
0.26875,0.000411709
0.269,0.000315863
0.26925,0.000206243
0.2695,9.95E-05
0.26975,8.32E-06
0.27,-5.98E-05
0.27025,-0.000101846
0.2705,-0.000119761
0.27075,-0.000120262
0.271,-0.000109646
0.27125,-9.45E-05
0.2715,-7.94E-05
0.27175,-6.88E-05
0.272,-6.34E-05
0.27225,-6.30E-05
0.2725,-6.52E-05
0.27275,-6.86E-05
0.273,-7.24E-05
0.27325,-7.60E-05
0.2735,-7.88E-05
0.27375,-8.03E-05
0.274,-8.03E-05
0.27425,-7.88E-05
0.2745,-7.56E-05
0.27475,-7.08E-05
0.275,-6.42E-05
0.27525,-5.58E-05
0.2755,-4.58E-05
0.27575,-3.41E-05
0.276,-2.11E-05
0.27625,-6.62E-06
0.2765,8.91E-06
0.27675,2.50E-05
0.277,4.21E-05
0.27725,5.94E-05
0.2775,7.64E-05
0.27775,9.35E-05
0.278,0.000110059
0.27825,0.000125654
0.2785,0.000139994
0.27875,0.000153388
0.279,0.000164812
0.27925,0.000174838
0.2795,0.000183168
0.27975,0.000189299
0.28,0.000193925
0.28025,0.000196439
0.2805,0.00019716
0.28075,0.00019602
0.281,0.000192918
0.28125,0.000187911
0.2815,0.00018167
0.28175,0.000173659
0.282,0.000164902
0.28225,0.00015494
0.2825,0.000143613
0.28275,0.000132025
0.283,0.000119658
0.28325,0.000106709
0.2835,9.38E-05
0.28375,8.02E-05
0.284,6.68E-05
0.28425,5.32E-05
0.2845,4.02E-05
0.28475,2.73E-05
0.285,1.53E-05
0.28525,3.91E-06
0.2855,-6.45E-06
0.28575,-1.59E-05
0.286,-2.42E-05
0.28625,-3.15E-05
0.2865,-3.75E-05
0.28675,-4.24E-05
0.287,-4.61E-05
0.28725,-4.87E-05
0.2875,-5.00E-05
0.28775,-5.05E-05
0.288,-4.99E-05
0.28825,-4.85E-05
0.2885,-4.64E-05
0.28875,-4.39E-05
0.289,-4.08E-05
0.28925,-3.78E-05
0.2895,-3.45E-05
0.28975,-3.14E-05
0.29,-2.86E-05
0.29025,-2.61E-05
0.2905,-2.40E-05
0.29075,-2.25E-05
0.291,-2.13E-05
0.29125,-2.06E-05
0.2915,-2.02E-05
0.29175,-2.02E-05
0.292,-2.03E-05
0.29225,-2.06E-05
0.2925,-2.06E-05
0.29275,-2.07E-05
0.293,-2.02E-05
0.29325,-1.93E-05
0.2935,-1.77E-05
0.29375,-1.55E-05
0.294,-1.24E-05
0.29425,-8.47E-06
0.2945,-3.39E-06
0.29475,2.62E-06
0.295,9.82E-06
0.29525,1.78E-05
0.2955,2.67E-05
0.29575,3.59E-05
0.296,4.58E-05
0.29625,5.53E-05
0.2965,6.50E-05
0.29675,7.37E-05
0.297,8.18E-05
0.29725,8.87E-05
0.2975,9.39E-05
0.29775,9.75E-05
0.298,9.87E-05
0.29825,9.82E-05
0.2985,9.59E-05
0.29875,9.15E-05
0.299,8.56E-05
0.29925,7.85E-05
0.2995,7.02E-05
0.29975,6.13E-05
0.3,5.20E-05
0.30025,4.23E-05
0.3005,3.28E-05
0.30075,2.42E-05
0.301,1.60E-05
0.30125,8.74E-06
0.3015,2.24E-06
0.30175,-3.42E-06
0.302,-8.64E-06
0.30225,-1.36E-05
0.3025,-1.87E-05
0.30275,-2.44E-05
0.303,-3.15E-05
0.30325,-4.16E-05
0.3035,-5.48E-05
0.30375,-7.00E-05
0.304,-8.49E-05
0.30425,-9.50E-05
0.3045,-9.62E-05
0.30475,-8.22E-05
0.305,-4.64E-05
0.30525,1.26E-05
0.3055,9.40E-05
0.30575,0.00019102
0.306,0.000295002
0.30625,0.000386893
0.3065,0.000444886
0.30675,0.000456183
0.307,0.000416773
0.30725,0.000337923
0.3075,0.000236867
0.30775,0.000133652
0.308,4.29E-05
0.30825,-2.63E-05
0.3085,-7.03E-05
0.30875,-8.85E-05
0.309,-8.75E-05
0.30925,-7.54E-05
0.3095,-5.77E-05
0.30975,-3.88E-05
0.31,-2.24E-05
0.31025,-1.06E-05
0.3105,-3.73E-06
0.31075,-1.17E-06
0.311,-1.05E-06
0.31125,-2.38E-06
0.3115,-4.30E-06
0.31175,-6.26E-06
0.312,-7.69E-06
0.31225,-8.36E-06
0.3125,-8.08E-06
0.31275,-6.94E-06
0.313,-4.94E-06
0.31325,-2.01E-06
0.3135,1.89E-06
0.31375,6.88E-06
0.314,1.29E-05
0.31425,1.95E-05
0.3145,2.71E-05
0.31475,3.55E-05
0.315,4.48E-05
0.31525,5.46E-05
0.3155,6.52E-05
0.31575,7.62E-05
0.316,8.73E-05
0.31625,9.91E-05
0.3165,0.000110894
0.31675,0.000122519
0.317,0.000134053
0.31725,0.00014518
0.3175,0.000155732
0.31775,0.000165495
0.318,0.000174862
0.31825,0.00018339
0.3185,0.000190529
0.31875,0.000196351
0.319,0.000201075
0.31925,0.000203675
0.3195,0.000205284
0.31975,0.000204872
0.32,0.000202692
0.32025,0.000198899
0.3205,0.000193783
0.32075,0.00018713
0.321,0.000178981
0.32125,0.000169502
0.3215,0.000159007
0.32175,0.000147503
0.322,0.000135008
0.32225,0.000121944
0.3225,0.000108499
0.32275,9.52E-05
0.323,8.18E-05
0.32325,6.85E-05
0.3235,5.58E-05
0.32375,4.40E-05
0.324,3.28E-05
0.32425,2.27E-05
0.3245,1.36E-05
0.32475,5.56E-06
0.325,-1.47E-06
0.32525,-7.43E-06
0.3255,-1.24E-05
0.32575,-1.64E-05
0.326,-1.96E-05
0.32625,-2.20E-05
0.3265,-2.37E-05
0.32675,-2.47E-05
0.327,-2.53E-05
0.32725,-2.54E-05
0.3275,-2.52E-05
0.32775,-2.47E-05
0.328,-2.39E-05
0.32825,-2.31E-05
0.3285,-2.22E-05
0.32875,-2.11E-05
0.329,-2.01E-05
0.32925,-1.90E-05
0.3295,-1.78E-05
0.32975,-1.66E-05
0.33,-1.53E-05
0.33025,-1.39E-05
0.3305,-1.23E-05
0.33075,-1.06E-05
0.331,-8.66E-06
0.33125,-6.52E-06
0.3315,-4.07E-06
0.33175,-1.34E-06
0.332,1.81E-06
0.33225,5.35E-06
0.3325,9.44E-06
0.33275,1.41E-05
0.333,1.96E-05
0.33325,2.57E-05
0.3335,3.28E-05
0.33375,4.04E-05
0.334,4.87E-05
0.33425,5.76E-05
0.3345,6.71E-05
0.33475,7.68E-05
0.335,8.61E-05
0.33525,9.56E-05
0.3355,0.000104282
0.33575,0.000111837
0.336,0.000118533
0.33625,0.000123849
0.3365,0.000127992
0.33675,0.000129948
0.337,0.000130577
0.33725,0.000129897
0.3375,0.000127377
0.33775,0.000123573
0.338,0.000118847
0.33825,0.000113538
0.3385,0.000106936
0.33875,0.000100423
0.339,9.37E-05
0.33925,8.66E-05
0.3395,7.98E-05
0.33975,7.30E-05
0.34,6.61E-05
0.34025,5.90E-05
0.3405,5.17E-05
0.34075,4.40E-05
0.341,3.53E-05
0.34125,2.42E-05
0.3415,1.02E-05
0.34175,-6.90E-06
0.342,-2.67E-05
0.34225,-4.78E-05
0.3425,-6.63E-05
0.34275,-7.65E-05
0.343,-7.36E-05
0.34325,-5.30E-05
0.3435,-9.87E-06
0.34375,5.77E-05
0.344,0.000144945
0.34425,0.000239219
0.3445,0.000327682
0.34475,0.000393839
0.345,0.000417221
0.34525,0.000387304
0.3455,0.00031592
0.34575,0.000220476
0.346,0.000115774
0.34625,1.75E-05
0.3465,-6.04E-05
0.34675,-0.000111923
0.347,-0.000138328
0.34725,-0.000142457
0.3475,-0.000128867
0.34775,-0.000104358
0.348,-7.61E-05
0.34825,-4.93E-05
0.3485,-2.64E-05
0.34875,-7.86E-06
0.349,6.07E-06
0.34925,1.72E-05
0.3495,2.69E-05
0.34975,3.58E-05
0.35,4.44E-05
0.35025,5.27E-05
0.3505,6.10E-05
0.35075,6.92E-05
0.351,7.72E-05
0.35125,8.50E-05
0.3515,9.24E-05
0.35175,9.95E-05
0.352,0.000106501
0.35225,0.000112735
0.3525,0.000118735
0.35275,0.000123979
0.353,0.000129416
0.35325,0.00013404
0.3535,0.000138329
0.35375,0.000142664
0.354,0.000146458
0.35425,0.000150128
0.3545,0.00015355
0.35475,0.000156264
0.355,0.00015885
0.35525,0.000161433
0.3555,0.000163441
0.35575,0.000165237
0.356,0.000166738
0.35625,0.000167867
0.3565,0.000168289
0.35675,0.00016817
0.357,0.000167355
0.35725,0.000165908
0.3575,0.000163502
0.35775,0.000159925
0.358,0.000155911
0.35825,0.00015091
0.3585,0.000145458
0.35875,0.000139196
0.359,0.000132362
0.35925,0.000125335
0.3595,0.000117402
0.35975,0.000109289
0.36,0.000100721
0.36025,9.24E-05
0.3605,8.38E-05
0.36075,7.55E-05
0.361,6.72E-05
0.36125,5.97E-05
0.3615,5.22E-05
0.36175,4.54E-05
0.362,3.93E-05
0.36225,3.40E-05
0.3625,2.93E-05
0.36275,2.53E-05
0.363,2.20E-05
0.36325,1.93E-05
0.3635,1.71E-05
0.36375,1.53E-05
0.364,1.40E-05
0.36425,1.29E-05
0.3645,1.20E-05
0.36475,1.14E-05
0.365,1.08E-05
0.36525,1.04E-05
0.3655,1.01E-05
0.36575,9.86E-06
0.366,9.70E-06
0.36625,9.65E-06
0.3665,9.70E-06
0.36675,9.88E-06
0.367,1.02E-05
0.36725,1.07E-05
0.3675,1.14E-05
0.36775,1.23E-05
0.368,1.33E-05
0.36825,1.46E-05
0.3685,1.59E-05
0.36875,1.75E-05
0.369,1.91E-05
0.36925,2.07E-05
0.3695,2.24E-05
0.36975,2.42E-05
0.37,2.59E-05
0.37025,2.77E-05
0.3705,2.95E-05
0.37075,3.15E-05
0.371,3.37E-05
0.37125,3.63E-05
0.3715,3.97E-05
0.37175,4.35E-05
0.372,4.80E-05
0.37225,5.28E-05
0.3725,5.77E-05
0.37275,6.27E-05
0.373,6.78E-05
0.37325,7.33E-05
0.3735,7.79E-05
0.37375,8.30E-05
0.374,8.73E-05
0.37425,9.13E-05
0.3745,9.49E-05
0.37475,9.73E-05
0.375,9.85E-05
0.37525,9.88E-05
0.3755,9.72E-05
0.37575,9.45E-05
0.376,9.07E-05
0.37625,8.60E-05
0.3765,8.10E-05
0.37675,7.56E-05
0.377,6.98E-05
0.37725,6.41E-05
0.3775,5.85E-05
0.37775,5.30E-05
0.378,4.79E-05
0.37825,4.38E-05
0.3785,4.04E-05
0.37875,3.66E-05
0.379,3.19E-05
0.37925,2.57E-05
0.3795,1.77E-05
0.37975,7.62E-06
0.38,-4.32E-06
0.38025,-1.84E-05
0.3805,-3.38E-05
0.38075,-5.08E-05
0.381,-6.51E-05
0.38125,-6.71E-05
0.3815,-5.00E-05
0.38175,-9.98E-06
0.382,5.21E-05
0.38225,0.000133247
0.3825,0.000225255
0.38275,0.000319307
0.383,0.000394085
0.38325,0.000433771
0.3835,0.000427049
0.38375,0.000368992
0.384,0.000274321
0.38425,0.000163872
0.3845,5.69E-05
0.38475,-3.49E-05
0.385,-0.000103001
0.38525,-0.00014425
0.3855,-0.000160458
0.38575,-0.000155482
0.386,-0.000136484
0.38625,-0.000110335
0.3865,-8.25E-05
0.38675,-5.73E-05
0.387,-3.57E-05
0.38725,-1.79E-05
0.3875,-2.72E-06
0.38775,1.07E-05
0.388,2.33E-05
0.38825,3.52E-05
0.3885,4.70E-05
0.38875,5.86E-05
0.389,7.03E-05
0.38925,8.16E-05
0.3895,9.27E-05
0.38975,0.000102951
0.39,0.000112586
0.39025,0.000121221
0.3905,0.000129273
0.39075,0.000136562
0.391,0.000142965
0.39125,0.000148475
0.3915,0.000153318
0.39175,0.000157123
0.392,0.00016022
0.39225,0.000162625
0.3925,0.000164203
0.39275,0.00016517
0.393,0.0001654
0.39325,0.000164688
0.3935,0.000163436
0.39375,0.0001612
0.394,0.000158248
0.39425,0.000154042
0.3945,0.000149458
0.39475,0.000143914
0.395,0.000137503
0.39525,0.000130609
0.3955,0.000123234
0.39575,0.000115359
0.396,0.000106715
0.39625,9.77E-05
0.3965,8.83E-05
0.39675,7.95E-05
0.397,7.07E-05
0.39725,6.27E-05
0.3975,5.48E-05
0.39775,4.82E-05
0.398,4.23E-05
0.39825,3.73E-05
0.3985,3.36E-05
0.39875,3.12E-05
0.399,2.94E-05
0.39925,2.87E-05
0.3995,2.91E-05
0.39975,3.06E-05
0.4,3.26E-05
0.40025,3.52E-05
0.4005,3.87E-05
0.40075,4.25E-05
0.401,4.65E-05
0.40125,5.05E-05
0.4015,5.43E-05
0.40175,5.78E-05
0.402,6.09E-05
0.40225,6.35E-05
0.4025,6.54E-05
0.40275,6.68E-05
0.403,6.73E-05
0.40325,6.73E-05
0.4035,6.66E-05
0.40375,6.52E-05
0.404,6.33E-05
0.40425,6.08E-05
0.4045,5.78E-05
0.40475,5.44E-05
0.405,5.06E-05
0.40525,4.64E-05
0.4055,4.19E-05
0.40575,3.72E-05
0.406,3.22E-05
0.40625,2.71E-05
0.4065,2.18E-05
0.40675,1.64E-05
0.407,1.09E-05
0.40725,5.37E-06
0.4075,-1.28E-07
0.40775,-5.48E-06
0.408,-1.07E-05
0.40825,-1.56E-05
0.4085,-2.02E-05
0.40875,-2.41E-05
0.409,-2.75E-05
0.40925,-3.00E-05
0.4095,-3.15E-05
0.40975,-3.18E-05
0.41,-3.09E-05
0.41025,-2.86E-05
0.4105,-2.51E-05
0.41075,-2.01E-05
0.411,-1.42E-05
0.41125,-7.14E-06
0.4115,9.66E-07
0.41175,9.86E-06
0.412,1.85E-05
0.41225,2.75E-05
0.4125,3.59E-05
0.41275,4.36E-05
0.413,5.02E-05
0.41325,5.52E-05
0.4135,5.89E-05
0.41375,6.16E-05
0.414,6.26E-05
0.41425,6.23E-05
0.4145,6.06E-05
0.41475,5.80E-05
0.415,5.48E-05
0.41525,5.14E-05
0.4155,4.79E-05
0.41575,4.44E-05
0.416,4.16E-05
0.41625,3.93E-05
0.4165,3.80E-05
0.41675,3.74E-05
0.417,3.75E-05
0.41725,3.81E-05
0.4175,3.87E-05
0.41775,3.90E-05
0.418,3.84E-05
0.41825,3.58E-05
0.4185,2.95E-05
0.41875,1.97E-05
0.419,7.07E-06
0.41925,-5.75E-06
0.4195,-1.56E-05
0.41975,-1.72E-05
0.42,-4.35E-06
0.42025,2.83E-05
0.4205,8.22E-05
0.42075,0.000156385
0.421,0.000245455
0.42125,0.00034067
0.4215,0.000419626
0.42175,0.000464376
0.422,0.000465279
0.42225,0.000415522
0.4225,0.000324627
0.42275,0.000211416
0.423,9.60E-05
0.42325,-7.48E-06
0.4235,-8.97E-05
0.42375,-0.000145477
0.424,-0.000175953
0.42425,-0.000185498
0.4245,-0.00017924
0.42475,-0.000162582
0.425,-0.000141782
0.42525,-0.000122407
0.4255,-0.000106674
0.42575,-9.47E-05
0.426,-8.52E-05
0.42625,-7.76E-05
0.4265,-7.07E-05
0.42675,-6.35E-05
0.427,-5.56E-05
0.42725,-4.70E-05
0.4275,-3.76E-05
0.42775,-2.75E-05
0.428,-1.66E-05
0.42825,-5.21E-06
0.4285,6.79E-06
0.42875,1.91E-05
0.429,3.19E-05
0.42925,4.47E-05
0.4295,5.79E-05
0.42975,7.07E-05
0.43,8.37E-05
0.43025,9.64E-05
0.4305,0.000108565
0.43075,0.000120231
0.431,0.000130982
0.43125,0.000140941
0.4315,0.000149971
0.43175,0.000157862
0.432,0.000164323
0.43225,0.000169325
0.4325,0.000172393
0.43275,0.000174318
0.433,0.000174381
0.43325,0.000172921
0.4335,0.000169533
0.43375,0.00016458
0.434,0.000158499
0.43425,0.000150945
0.4345,0.000142467
0.43475,0.000132922
0.435,0.000122839
0.43525,0.000111966
0.4355,0.000101467
0.43575,9.09E-05
0.436,8.05E-05
0.43625,7.04E-05
0.4365,6.12E-05
0.43675,5.31E-05
0.437,4.56E-05
0.43725,3.92E-05
0.4375,3.37E-05
0.43775,2.95E-05
0.438,2.62E-05
0.43825,2.35E-05
0.4385,2.17E-05
0.43875,2.06E-05
0.439,2.00E-05
0.43925,1.97E-05
0.4395,1.98E-05
0.43975,2.00E-05
0.44,2.01E-05
0.44025,2.00E-05
0.4405,1.97E-05
0.44075,1.90E-05
0.441,1.79E-05
0.44125,1.63E-05
0.4415,1.42E-05
0.44175,1.16E-05
0.442,8.52E-06
0.44225,5.02E-06
0.4425,1.06E-06
0.44275,-3.23E-06
0.443,-8.09E-06
0.44325,-1.30E-05
0.4435,-1.82E-05
0.44375,-2.39E-05
0.444,-2.95E-05
0.44425,-3.55E-05
0.4445,-4.17E-05
0.44475,-4.77E-05
0.445,-5.38E-05
0.44525,-5.98E-05
0.4455,-6.58E-05
0.44575,-7.11E-05
0.446,-7.60E-05
0.44625,-8.02E-05
0.4465,-8.34E-05
0.44675,-8.57E-05
0.447,-8.69E-05
0.44725,-8.68E-05
0.4475,-8.53E-05
0.44775,-8.23E-05
0.448,-7.76E-05
0.44825,-7.13E-05
0.4485,-6.33E-05
0.44875,-5.36E-05
0.449,-4.21E-05
0.44925,-2.90E-05
0.4495,-1.45E-05
0.44975,1.09E-06
0.45,1.72E-05
0.45025,3.35E-05
0.4505,4.94E-05
0.45075,6.48E-05
0.451,7.87E-05
0.45125,9.11E-05
0.4515,0.0001016
0.45175,0.000109181
0.452,0.000114227
0.45225,0.000116487
0.4525,0.000115727
0.45275,0.00011236
0.453,0.000106555
0.45325,9.85E-05
0.4535,8.91E-05
0.45375,7.78E-05
0.454,6.57E-05
0.45425,5.32E-05
0.4545,4.05E-05
0.45475,2.83E-05
0.455,1.65E-05
0.45525,5.69E-06
0.4555,-4.03E-06
0.45575,-1.24E-05
0.456,-1.99E-05
0.45625,-2.65E-05
0.4565,-3.32E-05
0.45675,-4.00E-05
0.457,-4.86E-05
0.45725,-5.91E-05
0.4575,-7.25E-05
0.45775,-8.74E-05
0.458,-0.000101898
0.45825,-0.000112338
0.4585,-0.00011384
0.45875,-0.000100644
0.459,-6.92E-05
0.45925,-1.42E-05
0.4595,6.39E-05
0.45975,0.000159326
0.46,0.000260829
0.46025,0.000351159
0.4605,0.000410477
0.46075,0.000424969
0.461,0.000390695
0.46125,0.000314054
0.4615,0.00021139
0.46175,0.000104604
0.462,8.40E-06
0.46225,-6.81E-05
0.4625,-0.000119802
0.46275,-0.000146508
0.463,-0.00015217
0.46325,-0.000142124
0.4635,-0.000123668
0.46375,-0.000103088
0.464,-8.43E-05
0.46425,-7.09E-05
0.4645,-6.23E-05
0.46475,-5.77E-05
0.465,-5.57E-05
0.46525,-5.53E-05
0.4655,-5.56E-05
0.46575,-5.60E-05
0.466,-5.57E-05
0.46625,-5.44E-05
0.4665,-5.18E-05
0.46675,-4.79E-05
0.467,-4.26E-05
0.46725,-3.61E-05
0.4675,-2.84E-05
0.46775,-1.93E-05
0.468,-9.03E-06
0.46825,2.42E-06
0.4685,1.48E-05
0.46875,2.82E-05
0.469,4.18E-05
0.46925,5.62E-05
0.4695,7.06E-05
0.46975,8.49E-05
0.47,9.90E-05
0.47025,0.000112228
0.4705,0.000125349
0.47075,0.000137063
0.471,0.000147806
0.47125,0.000157127
0.4715,0.000165091
0.47175,0.000171229
0.472,0.000175893
0.47225,0.000178935
0.4725,0.000180168
0.47275,0.000180119
0.473,0.000178336
0.47325,0.00017471
0.4735,0.000170158
0.47375,0.000163828
0.474,0.000156348
0.47425,0.000147687
0.4745,0.00013788
0.47475,0.000127612
0.475,0.000116529
0.47525,0.000104837
0.4755,9.28E-05
0.47575,8.02E-05
0.476,6.79E-05
0.47625,5.54E-05
0.4765,4.26E-05
0.47675,3.04E-05
0.477,1.86E-05
0.47725,7.20E-06
0.4775,-3.58E-06
0.47775,-1.36E-05
0.478,-2.27E-05
0.47825,-3.10E-05
0.4785,-3.84E-05
0.47875,-4.48E-05
0.479,-5.04E-05
0.47925,-5.49E-05
0.4795,-5.87E-05
0.47975,-6.16E-05
0.48,-6.39E-05
0.48025,-6.54E-05
0.4805,-6.64E-05
0.48075,-6.68E-05
0.481,-6.68E-05
0.48125,-6.67E-05
0.4815,-6.66E-05
0.48175,-6.61E-05
0.482,-6.60E-05
0.48225,-6.59E-05
0.4825,-6.64E-05
0.48275,-6.66E-05
0.483,-6.72E-05
0.48325,-6.75E-05
0.4835,-6.84E-05
0.48375,-6.90E-05
0.484,-6.99E-05
0.48425,-7.03E-05
0.4845,-7.05E-05
0.48475,-6.99E-05
0.485,-6.92E-05
0.48525,-6.73E-05
0.4855,-6.46E-05
0.48575,-6.09E-05
0.486,-5.64E-05
0.48625,-5.02E-05
0.4865,-4.30E-05
0.48675,-3.47E-05
0.487,-2.48E-05
0.48725,-1.38E-05
0.4875,-1.57E-06
0.48775,1.16E-05
0.488,2.58E-05
0.48825,4.04E-05
0.4885,5.54E-05
0.48875,7.03E-05
0.489,8.47E-05
0.48925,9.84E-05
0.4895,0.000110621
0.48975,0.00012106
0.49,0.000129462
0.49025,0.000135529
0.4905,0.000138826
0.49075,0.000138811
0.491,0.000136206
0.49125,0.000130576
0.4915,0.000121984
0.49175,0.000110711
0.492,9.74E-05
0.49225,8.23E-05
0.4925,6.57E-05
0.49275,4.80E-05
0.493,2.99E-05
0.49325,1.15E-05
0.4935,-6.66E-06
0.49375,-2.45E-05
0.494,-4.14E-05
0.49425,-5.75E-05
0.4945,-7.23E-05
0.49475,-8.63E-05
0.495,-9.93E-05
0.49525,-0.000111996
0.4955,-0.000124145
0.49575,-0.000137106
0.496,-0.000150872
0.49625,-0.000166768
0.4965,-0.000185809
0.49675,-0.000202976
0.497,-0.000212239
0.49725,-0.000208537
0.4975,-0.000188001
0.49775,-0.000148208
0.498,-8.70E-05
0.49825,-4.07E-06
0.4985,0.000100445
0.49875,0.000213316
0.499,0.000313898
0.49925,0.000384976
0.4995,0.000413568
0.49975,0.000390782
0.5,0.000326391
0.50025,0.000238708
0.5005,0.000144768
0.50075,6.04E-05
0.501,-3.37E-06
0.50125,-4.34E-05
0.5015,-6.05E-05
0.50175,-5.86E-05
0.502,-4.20E-05
0.50225,-1.84E-05
0.5025,4.58E-06
0.50275,2.38E-05
0.503,3.72E-05
0.50325,4.38E-05
0.5035,4.47E-05
0.50375,4.13E-05
0.504,3.57E-05
0.50425,2.88E-05
0.5045,2.11E-05
0.50475,1.31E-05
0.505,5.20E-06
0.50525,-2.17E-06
0.5055,-8.90E-06
0.50575,-1.48E-05
0.506,-1.97E-05
0.50625,-2.33E-05
0.5065,-2.57E-05
0.50675,-2.66E-05
0.507,-2.61E-05
0.50725,-2.41E-05
0.5075,-2.05E-05
0.50775,-1.56E-05
0.508,-9.32E-06
0.50825,-1.56E-06
0.5085,7.22E-06
0.50875,1.75E-05
0.509,2.84E-05
0.50925,4.06E-05
0.5095,5.32E-05
0.50975,6.67E-05
0.51,7.99E-05
0.51025,9.38E-05
0.5105,0.000106986
0.51075,0.000120339
0.511,0.000132825
0.51125,0.000144681
0.5115,0.000155234
0.51175,0.00016469
0.512,0.000172411
0.51225,0.000178501
0.5125,0.000182457
0.51275,0.000184194
0.513,0.000184119
0.51325,0.000181637
0.5135,0.000176958
0.51375,0.000169992
0.514,0.000161162
0.51425,0.000150042
0.5145,0.000137471
0.51475,0.000122888
0.515,0.000107365
0.51525,9.07E-05
0.5155,7.35E-05
0.51575,5.59E-05
0.516,3.82E-05
0.51625,2.10E-05
0.5165,4.57E-06
0.51675,-1.10E-05
0.517,-2.53E-05
0.51725,-3.83E-05
0.5175,-4.98E-05
0.51775,-5.97E-05
0.518,-6.80E-05
0.51825,-7.47E-05
0.5185,-7.98E-05
0.51875,-8.34E-05
0.519,-8.55E-05
0.51925,-8.63E-05
0.5195,-8.60E-05
0.51975,-8.46E-05
0.52,-8.23E-05
0.52025,-7.93E-05
0.5205,-7.56E-05
0.52075,-7.14E-05
0.521,-6.68E-05
0.52125,-6.18E-05
0.5215,-5.65E-05
0.52175,-5.09E-05
0.522,-4.49E-05
0.52225,-3.88E-05
0.5225,-3.25E-05
0.52275,-2.60E-05
0.523,-1.93E-05
0.52325,-1.26E-05
0.5235,-5.69E-06
0.52375,1.15E-06
0.524,7.97E-06
0.52425,1.47E-05
0.5245,2.13E-05
0.52475,2.76E-05
0.525,3.38E-05
0.52525,3.97E-05
0.5255,4.54E-05
0.52575,5.07E-05
0.526,5.59E-05
0.52625,6.08E-05
0.5265,6.55E-05
0.52675,6.99E-05
0.527,7.40E-05
0.52725,7.77E-05
0.5275,8.10E-05
0.52775,8.37E-05
0.528,8.60E-05
0.52825,8.70E-05
0.5285,8.71E-05
0.52875,8.58E-05
0.529,8.34E-05
0.52925,7.95E-05
0.5295,7.47E-05
0.52975,6.79E-05
0.53,6.05E-05
0.53025,5.17E-05
0.5305,4.19E-05
0.53075,3.16E-05
0.531,2.08E-05
0.53125,9.66E-06
0.5315,-1.51E-06
0.53175,-1.24E-05
0.532,-2.29E-05
0.53225,-3.28E-05
0.5325,-4.22E-05
0.53275,-5.09E-05
0.533,-5.87E-05
0.53325,-6.52E-05
0.5335,-7.15E-05
0.53375,-7.86E-05
0.534,-8.71E-05
0.53425,-9.71E-05
0.5345,-0.000108382
0.53475,-0.000120475
0.535,-0.000132643
0.53525,-0.00014428
0.5355,-0.000148772
0.53575,-0.000138184
0.536,-0.000107544
0.53625,-5.41E-05
0.5365,2.18E-05
0.53675,0.000116781
0.537,0.000224743
0.53725,0.000333048
0.5375,0.000419397
0.53775,0.000464761
0.538,0.000459741
0.53825,0.000405692
0.5385,0.000318785
0.53875,0.00021959
0.539,0.000125366
0.53925,4.87E-05
0.5395,-4.31E-06
0.53975,-3.07E-05
0.54,-3.49E-05
0.54025,-2.48E-05
0.5405,-6.49E-06
0.54075,1.44E-05
0.541,3.41E-05
0.54125,4.94E-05
0.5415,5.96E-05
0.54175,6.40E-05
0.542,6.45E-05
0.54225,6.23E-05
0.5425,5.82E-05
0.54275,5.29E-05
0.543,4.69E-05
0.54325,4.04E-05
0.5435,3.35E-05
0.54375,2.61E-05
0.544,1.84E-05
0.54425,1.06E-05
0.5445,2.91E-06
0.54475,-4.54E-06
0.545,-1.14E-05
0.54525,-1.75E-05
0.5455,-2.25E-05
0.54575,-2.67E-05
0.546,-2.89E-05
0.54625,-2.96E-05
0.5465,-2.82E-05
0.54675,-2.48E-05
0.547,-1.96E-05
0.54725,-1.21E-05
0.5475,-2.50E-06
0.54775,8.69E-06
0.548,2.18E-05
0.54825,3.65E-05
0.5485,5.24E-05
0.54875,6.95E-05
0.549,8.66E-05
0.54925,0.000104077
0.5495,0.000121457
0.54975,0.000138191
0.55,0.000153727
0.55025,0.000167436
0.5505,0.000179918
0.55075,0.000190473
0.551,0.000199182
0.55125,0.000205835
0.5515,0.00021029
0.55175,0.000212269
0.552,0.000212526
0.55225,0.000210309
0.5525,0.000206121
0.55275,0.00020027
0.553,0.000192208
0.55325,0.000182787
0.5535,0.000171839
0.55375,0.000159302
0.554,0.000145741
0.55425,0.000131236
0.5545,0.000116332
0.55475,0.000100792
0.555,8.49E-05
0.55525,6.89E-05
0.5555,5.28E-05
0.55575,3.69E-05
0.556,2.12E-05
0.55625,5.95E-06
0.5565,-8.74E-06
0.55675,-2.27E-05
0.557,-3.57E-05
0.55725,-4.76E-05
0.5575,-5.82E-05
0.55775,-6.74E-05
0.558,-7.49E-05
0.55825,-8.06E-05
0.5585,-8.45E-05
0.55875,-8.64E-05
0.559,-8.63E-05
0.55925,-8.43E-05
0.5595,-8.03E-05
0.55975,-7.46E-05
0.56,-6.72E-05
0.56025,-5.83E-05
0.5605,-4.83E-05
0.56075,-3.72E-05
0.561,-2.54E-05
0.56125,-1.32E-05
0.5615,-8.26E-07
0.56175,1.14E-05
0.562,2.32E-05
0.56225,3.42E-05
0.5625,4.45E-05
0.56275,5.36E-05
0.563,6.16E-05
0.56325,6.83E-05
0.5635,7.39E-05
0.56375,7.83E-05
0.564,8.17E-05
0.56425,8.41E-05
0.5645,8.60E-05
0.56475,8.68E-05
0.565,8.75E-05
0.56525,8.70E-05
0.5655,8.61E-05
0.56575,8.49E-05
0.566,8.27E-05
0.56625,7.98E-05
0.5665,7.61E-05
0.56675,7.14E-05
0.567,6.60E-05
0.56725,5.94E-05
0.5675,5.20E-05
0.56775,4.38E-05
0.568,3.52E-05
0.56825,2.63E-05
0.5685,1.76E-05
0.56875,8.99E-06
0.569,1.31E-06
0.56925,-5.82E-06
0.5695,-1.14E-05
0.56975,-1.54E-05
0.57,-1.74E-05
0.57025,-1.77E-05
0.5705,-1.63E-05
0.57075,-1.32E-05
0.571,-8.67E-06
0.57125,-2.97E-06
0.5715,3.39E-06
0.57175,9.95E-06
0.572,1.50E-05
0.57225,1.72E-05
0.5725,1.62E-05
0.57275,1.26E-05
0.573,7.94E-06
0.57325,5.10E-06
0.5735,9.79E-06
0.57375,2.81E-05
0.574,6.37E-05
0.57425,0.000119542
0.5745,0.000196899
0.57475,0.00029511
0.575,0.000395219
0.57525,0.000476007
0.5755,0.000525252
0.57575,0.000531245
0.576,0.000484932
0.57625,0.000395496
0.5765,0.000281142
0.57675,0.00016332
0.577,5.76E-05
0.57725,-2.59E-05
0.5775,-8.35E-05
0.57775,-0.000115667
0.578,-0.000125392
0.57825,-0.000120604
0.5785,-0.000108286
0.57875,-9.40E-05
0.579,-8.10E-05
0.57925,-7.13E-05
0.5795,-6.51E-05
0.57975,-6.10E-05
0.58,-5.74E-05
0.58025,-5.35E-05
0.5805,-4.91E-05
0.58075,-4.38E-05
0.581,-3.75E-05
0.58125,-3.00E-05
0.5815,-2.16E-05
0.58175,-1.24E-05
0.582,-2.69E-06
0.58225,7.44E-06
0.5825,1.79E-05
0.58275,2.84E-05
0.583,3.93E-05
0.58325,5.03E-05
0.5835,6.13E-05
0.58375,7.23E-05
0.584,8.30E-05
0.58425,9.37E-05
0.5845,0.000104259
0.58475,0.000114545
0.585,0.000124728
0.58525,0.000134439
0.5855,0.000143722
0.58575,0.000152604
0.586,0.000160806
0.58625,0.000167833
0.5865,0.000174534
0.58675,0.000179822
0.587,0.000184269
0.58725,0.000188121
0.5875,0.000190469
0.58775,0.000191736
0.588,0.000191917
0.58825,0.000191087
0.5885,0.000189211
0.58875,0.000186413
0.589,0.000182606
0.58925,0.000178708
0.5895,0.000174333
0.58975,0.00016994
0.59,0.00016511
0.59025,0.000160632
0.5905,0.000156103
0.59075,0.000152228
0.591,0.000148241
0.59125,0.00014428
0.5915,0.000140674
0.59175,0.000137274
0.592,0.00013348
0.59225,0.000129832
0.5925,0.000125817
0.59275,0.000121529
0.593,0.000116494
0.59325,0.000110569
0.5935,0.000103796
0.59375,9.58E-05
0.594,8.68E-05
0.59425,7.64E-05
0.5945,6.50E-05
0.59475,5.24E-05
0.595,3.88E-05
0.59525,2.45E-05
0.5955,9.73E-06
0.59575,-5.31E-06
0.596,-2.03E-05
0.59625,-3.50E-05
0.5965,-4.90E-05
0.59675,-6.20E-05
0.597,-7.38E-05
0.59725,-8.41E-05
0.5975,-9.27E-05
0.59775,-9.94E-05
0.598,-0.000104099
0.59825,-0.000106801
0.5985,-0.000107374
0.59875,-0.000105975
0.599,-0.000102633
0.59925,-9.74E-05
0.5995,-9.05E-05
0.59975,-8.20E-05
0.6,-7.21E-05
0.60025,-6.09E-05
0.6005,-4.86E-05
0.60075,-3.52E-05
0.601,-2.09E-05
0.60125,-5.75E-06
0.6015,1.02E-05
0.60175,2.67E-05
0.602,4.40E-05
0.60225,6.17E-05
0.6025,7.98E-05
0.60275,9.77E-05
0.603,0.000115878
0.60325,0.000133319
0.6035,0.000149974
0.60375,0.000165324
0.604,0.000179313
0.60425,0.000190653
0.6045,0.000199573
0.60475,0.000205661
0.605,0.000208413
0.60525,0.000207762
0.6055,0.000204079
0.60575,0.000197035
0.606,0.000186623
0.60625,0.000173739
0.6065,0.000158572
0.60675,0.000141664
0.607,0.000123702
0.60725,0.00010492
0.6075,8.64E-05
0.60775,6.85E-05
0.608,5.20E-05
0.60825,3.70E-05
0.6085,2.43E-05
0.60875,1.35E-05
0.609,4.93E-06
0.60925,-1.67E-06
0.6095,-6.51E-06
0.60975,-1.04E-05
0.61,-1.49E-05
0.61025,-2.09E-05
0.6105,-2.83E-05
0.61075,-3.62E-05
0.611,-4.22E-05
0.61125,-4.16E-05
0.6115,-2.89E-05
0.61175,7.11E-08
0.612,4.90E-05
0.61225,0.00012062
0.6125,0.000213925
0.61275,0.000314435
0.613,0.000406575
0.61325,0.000474727
0.6135,0.000503473
0.61375,0.000479817
0.614,0.000404435
0.61425,0.00029873
0.6145,0.000181552
0.61475,6.89E-05
0.615,-2.77E-05
0.61525,-0.000100131
0.6155,-0.000146884
0.61575,-0.000171126
0.616,-0.000178384
0.61625,-0.000173529
0.6165,-0.000162465
0.61675,-0.000151834
0.617,-0.000144465
0.61725,-0.000140244
0.6175,-0.000138488
0.61775,-0.00013814
0.618,-0.000137768
0.61825,-0.000135868
0.6185,-0.000131922
0.61875,-0.000125605
0.619,-0.000116633
0.61925,-0.000104741
0.6195,-8.99E-05
0.61975,-7.19E-05
0.62,-5.10E-05
0.62025,-2.69E-05
0.6205,-3.01E-08
0.62075,2.95E-05
0.621,6.18E-05
0.62125,9.59E-05
0.6215,0.000132017
0.62175,0.000169035
0.622,0.000206784
0.62225,0.000244305
0.6225,0.000281357
0.62275,0.000316933
0.623,0.00034998
0.62325,0.000379849
0.6235,0.000406345
0.62375,0.000428163
0.624,0.000444808
0.62425,0.000455933
0.6245,0.000460878
0.62475,0.000459878
0.625,0.00045295
0.62525,0.000439407
0.6255,0.00042025
0.62575,0.000395484
0.626,0.000365136
0.62625,0.000330542
0.6265,0.000291952
0.62675,0.000250011
0.627,0.000205832
0.62725,0.000159735
0.6275,0.000113194
0.62775,6.69E-05
0.628,2.12E-05
0.62825,-2.27E-05
0.6285,-6.45E-05
0.62875,-0.000103399
0.629,-0.000138975
0.62925,-0.000170904
0.6295,-0.000198495
0.62975,-0.000221943
0.63,-0.0002403
0.63025,-0.000254236
0.6305,-0.000262942
0.63075,-0.000266372
0.631,-0.000265368
0.63125,-0.000259072
0.6315,-0.000248104
0.63175,-0.000232576
0.632,-0.000212737
0.63225,-0.000188918
0.6325,-0.000161406
0.63275,-0.000130726
0.633,-9.73E-05
0.63325,-6.17E-05
0.6335,-2.45E-05
0.63375,1.36E-05
0.634,5.20E-05
0.63425,8.98E-05
0.6345,0.000126395
0.63475,0.000161009
0.635,0.000192935
0.63525,0.000221535
0.6355,0.000246248
0.63575,0.000266547
0.636,0.000282043
0.63625,0.00029243
0.6365,0.000297575
0.63675,0.000297435
0.637,0.000292156
0.63725,0.000281961
0.6375,0.000267257
0.63775,0.000248503
0.638,0.000226324
0.63825,0.000201344
0.6385,0.000174327
0.63875,0.000146012
0.639,0.000117216
0.63925,8.81E-05
